Keyword,Pincode,Search Status,Timestamp,Position,Is Sponsored,Product ID,Brand Name,Name,Pack Size,Price (Rs),MRP (Rs),Discount (Rs),Discount % of MRP,Inventory (stock),Max Cart,Sold Out,URL
peanut butter,560001,ok,2026-09-15T20:54:24,1,True,531918,Dr. Oetker,Dr. Oetker FunFoods Crunchy Peanut Butter,750 g,189,199,10,5.0,3,3,False,https://blinkit.com/prn/product/prid/531918
peanut butter,560001,ok,2026-09-15T20:54:24,2,False,425544,Pintola,Pintola All Natural Crunchy Peanut Butter (Unsweetened),350 g,156,170,14,8.2,12,12,False,https://blinkit.com/prn/product/prid/425544
peanut butter,560001,ok,2026-09-15T20:54:24,3,False,497915,MyFitness,MyFitness High Protein Chocolate Crunchy Peanut Butter Spread (227 g),227 g,148,159,11,6.9,15,15,False,https://blinkit.com/prn/product/prid/497915
peanut butter,560001,ok,2026-09-15T20:54:24,4,False,484008,MyFitness,MyFitness High Protein Chocolate Crunchy Peanut Butter Spread,510 g,281,319,38,11.9,7,7,False,https://blinkit.com/prn/product/prid/484008
peanut butter,560001,ok,2026-09-15T20:54:24,5,True,782395,Disano,Disano Unsweetened Crunchy Peanut Butter,1 kg,249,500,251,50.2,1,1,False,https://blinkit.com/prn/product/prid/782395
peanut butter,560001,ok,2026-09-15T20:54:24,6,False,15351,Sundrop,Sundrop Regular Crunchy Peanut Butter,462 g,138,149,11,7.4,4,4,False,https://blinkit.com/prn/product/prid/15351
peanut butter,560001,ok,2026-09-15T20:54:24,7,False,481211,The Whole Truth,The Whole Truth Crunchy Unsweetened Peanut Butter,325 g,194,210,16,7.6,11,11,False,https://blinkit.com/prn/product/prid/481211
peanut butter,560001,ok,2026-09-15T20:54:24,8,False,444833,Pintola,Pintola Dark Chocolate Crunchy Peanut Butter,350 g,168,180,12,6.7,6,6,False,https://blinkit.com/prn/product/prid/444833
peanut butter,560001,ok,2026-09-15T20:54:24,9,True,782392,Disano,Disano Chocolate Creamy Peanut Butter,350 g,79,250,171,68.4,1,1,False,https://blinkit.com/prn/product/prid/782392
peanut butter,560001,ok,2026-09-15T20:54:24,10,False,467497,Amul,Amul Crunchy Peanut Spread,300 g,140,150,10,6.7,1,1,False,https://blinkit.com/prn/product/prid/467497
peanut butter,560001,ok,2026-09-15T20:54:24,11,False,481210,The Whole Truth,The Whole Truth Sweetened Crunchy Peanut Spread with Dates,325 g,214,235,21,8.9,4,4,False,https://blinkit.com/prn/product/prid/481210
peanut butter,560001,ok,2026-09-15T20:54:24,12,False,444825,MyFitness,MyFitness High Protein Chocolate Peanut Butter Smooth Spread,510 g,281,319,38,11.9,4,4,False,https://blinkit.com/prn/product/prid/444825
peanut butter,560001,ok,2026-09-15T20:54:24,13,True,480293,Amul,Amul Creamy Spread Peanut Butter,300 g,100,110,10,9.1,2,2,False,https://blinkit.com/prn/product/prid/480293
peanut butter,560001,ok,2026-09-15T20:54:24,14,False,425546,Pintola,Pintola All Natural Creamy Peanut Butter (Unsweetened),350 g,156,170,14,8.2,4,4,False,https://blinkit.com/prn/product/prid/425546
peanut butter,560001,ok,2026-09-15T20:54:24,15,False,667911,Pintola,Pintola Classic Crunchy Peanut Butter,500 g,199,215,16,7.4,2,2,False,https://blinkit.com/prn/product/prid/667911
peanut butter,560001,ok,2026-09-15T20:54:24,16,False,460592,Alpino,Alpino Natural Crunch Unsweetened Peanut Butter,1 kg,365,419,54,12.9,2,2,False,https://blinkit.com/prn/product/prid/460592
peanut butter,560001,ok,2026-09-15T20:54:24,17,True,531909,Dr. Oetker,Dr. Oetker FunFoods Creamy Peanut Butter,750 g,177,187,10,5.3,2,2,False,https://blinkit.com/prn/product/prid/531909
peanut butter,560001,ok,2026-09-15T20:54:24,18,False,782393,Disano,Disano Chocolate Crunchy Peanut Butter,350 g,79,250,171,68.4,5,5,False,https://blinkit.com/prn/product/prid/782393
peanut butter,560001,ok,2026-09-15T20:54:24,19,False,750151,MyFitness,MyFitness Chocolate Creamy Peanut Butter,900 g,440,499,59,11.8,3,3,False,https://blinkit.com/prn/product/prid/750151
peanut butter,560001,ok,2026-09-15T20:54:24,20,False,1377916,Sundrop,Sundrop Crunchy Peanut Butter with Honey,300 g,99,99,0,0.0,5,5,False,https://blinkit.com/prn/product/prid/1377916
peanut butter,560001,ok,2026-09-15T20:54:24,21,True,785742,Dravea,Dravea White Chocolate Crispy Peanut Butter Spread,425 g,299,329,30,9.1,2,2,False,https://blinkit.com/prn/product/prid/785742
peanut butter,560001,ok,2026-09-15T20:54:24,22,False,767700,Jus'Amazin,Jus'Amazin Crunchy Unsweetened Almond Butter,200 g,399,420,21,5.0,3,3,False,https://blinkit.com/prn/product/prid/767700
peanut butter,560001,ok,2026-09-15T20:54:24,23,False,705058,Alpino,Alpino Crunchy Peanut Butter,400 g,165,189,24,12.7,2,2,False,https://blinkit.com/prn/product/prid/705058
peanut butter,560001,ok,2026-09-15T20:54:24,24,False,613578,Jus'Amazin,Jus'Amazin Creamy Unsweetened Almond Butter,200 g,399,420,21,5.0,4,4,False,https://blinkit.com/prn/product/prid/613578
peanut butter,560001,ok,2026-09-15T20:54:24,25,True,746858,The Holly Tree,The Holly Tree Unsalted Crunchy Peanut Butter,454 g,399,449,50,11.1,1,1,False,https://blinkit.com/prn/product/prid/746858
peanut butter,560001,ok,2026-09-15T20:54:24,26,False,442171,Disano,Disano Crunchy Peanut Butter,924 g,200,450,250,55.6,2,2,False,https://blinkit.com/prn/product/prid/442171
peanut butter,560001,ok,2026-09-15T20:54:24,27,False,497914,MyFitness,MyFitness High Protein Chocolate Peanut Butter Smooth Spread (227 g),227 g,148,159,11,6.9,4,4,False,https://blinkit.com/prn/product/prid/497914
peanut butter,560001,ok,2026-09-15T20:54:24,28,False,563386,Pintola,Pintola High Protein Jaggery Crunchy Peanut Butter,510 g,349,375,26,6.9,2,2,False,https://blinkit.com/prn/product/prid/563386
peanut butter,560001,ok,2026-09-15T20:54:24,29,True,530067,The Health Factory,The Health Factory Zero Maida Whole Wheat Bread,250 g,55,55,0,0.0,3,3,False,https://blinkit.com/prn/product/prid/530067
peanut butter,560001,ok,2026-09-15T20:54:24,30,False,166,Sundrop,Sundrop Creamy Peanut Butter,462 g,144,149,5,3.4,3,3,False,https://blinkit.com/prn/product/prid/166
peanut butter,560001,ok,2026-09-15T20:54:24,31,False,650898,MyFitness,MyFitness Zero Added Sugar Crunchy Peanut Butter,510 g,304,349,45,12.9,2,2,False,https://blinkit.com/prn/product/prid/650898
peanut butter,560001,ok,2026-09-15T20:54:24,32,False,782394,Disano,Disano Crunchy Peanut Butter - Chocolate,924 g,275,550,275,50.0,2,2,False,https://blinkit.com/prn/product/prid/782394
peanut butter,560001,ok,2026-09-15T20:54:24,33,True,504877,Amul,Amul Hazelnut Chocolate Spread,300 g,270,270,0,0.0,1,1,False,https://blinkit.com/prn/product/prid/504877
peanut butter,560001,ok,2026-09-15T20:54:24,34,False,538435,MyFitness,MyFitness All Natural Peanut Butter Crunchy Spread (Unsweetened),510 g,281,319,38,11.9,3,3,False,https://blinkit.com/prn/product/prid/538435
peanut butter,560001,ok,2026-09-15T20:54:24,35,False,749183,MyFitness,MyFitness Chocolate Crunchy Peanut Butter,900 g,440,499,59,11.8,4,4,False,https://blinkit.com/prn/product/prid/749183
peanut butter,560001,ok,2026-09-15T20:54:24,36,False,667913,Pintola,Pintola Classic Creamy Peanut Butter,500 g,200,215,15,7.0,2,2,False,https://blinkit.com/prn/product/prid/667913
peanut butter,560001,ok,2026-09-15T20:54:24,37,False,525708,Pintola,Pintola High Protein Dark Chocolate Crunchy Peanut Butter,510 g,349,375,26,6.9,1,1,False,https://blinkit.com/prn/product/prid/525708
peanut butter,560001,ok,2026-09-15T20:54:24,38,False,442182,Sundrop,Sundrop Zero Added Sugar Crunchy Peanut Butter,924 g,249,325,76,23.4,3,3,False,https://blinkit.com/prn/product/prid/442182
peanut butter,560001,ok,2026-09-15T20:54:24,39,False,538659,MyFitness,MyFitness Chocolate Peanut Butter Crispy Spread,227 g,148,159,11,6.9,4,4,False,https://blinkit.com/prn/product/prid/538659
peanut butter,560001,ok,2026-09-15T20:54:24,40,False,600537,BeastLife,BeastLife Nuttin Crunchy Peanut Butter,350 g,210,233,23,9.9,1,1,False,https://blinkit.com/prn/product/prid/600537
peanut butter,560001,ok,2026-09-15T20:54:24,41,False,660652,BeastLife,BeastLife Nuttin' Chocolate Crunchy Peanut Butter,350 g,218,310,92,29.7,2,2,False,https://blinkit.com/prn/product/prid/660652
peanut butter,560001,ok,2026-09-15T20:54:24,42,False,498013,Pintola,Pintola Dark Chocolate Creamy Peanut Butter,1 kg,443,475,32,6.7,2,2,False,https://blinkit.com/prn/product/prid/498013
peanut butter,560001,ok,2026-09-15T20:54:24,43,False,42807,Skippy,Skippy Super Chunk Crunchy Peanut Butter,462 g,563,575,12,2.1,2,2,False,https://blinkit.com/prn/product/prid/42807
peanut butter,560001,ok,2026-09-15T20:54:24,44,False,763113,Sundrop,Sundrop High Protein Dark Chocolate Peanut Butter (Crunchy),500 g,249,325,76,23.4,2,2,False,https://blinkit.com/prn/product/prid/763113
peanut butter,560001,ok,2026-09-15T20:54:24,45,False,562029,Sundrop,Sundrop Peanut Butter with Grape Jelly,340 g,125,150,25,16.7,3,3,False,https://blinkit.com/prn/product/prid/562029
peanut butter,560001,ok,2026-09-15T20:54:24,46,False,498024,Pintola,Pintola Dark Chocolate Creamy Peanut Butter (High Protein),510 g,349,375,26,6.9,3,3,False,https://blinkit.com/prn/product/prid/498024
peanut butter,560001,ok,2026-09-15T20:54:24,47,False,482801,Kissan,Kissan Crunchy Peanut Butter,350 g,150,175,25,14.3,2,2,False,https://blinkit.com/prn/product/prid/482801
peanut butter,560001,ok,2026-09-15T20:54:24,48,False,482948,MyFitness,MyFitness High Protein Chocolate Peanut Butter Crispy Spread,510 g,278,319,41,12.9,2,2,False,https://blinkit.com/prn/product/prid/482948
peanut butter,560001,ok,2026-09-15T20:54:24,49,False,444826,Pintola,Pintola All Natural Crunchy Almond Butter,200 g,369,398,29,7.3,1,1,False,https://blinkit.com/prn/product/prid/444826
peanut butter,560001,ok,2026-09-15T20:54:24,50,False,1377912,Sundrop,Sundrop Crunchy Peanut Butter With Jaggery,900 g,199,225,26,11.6,1,1,False,https://blinkit.com/prn/product/prid/1377912
peanut butter,560001,ok,2026-09-15T20:54:24,51,False,767719,Sundrop,Sundrop Chocolate Crunchy Peanut Butter,500 g,149,199,50,25.1,2,2,False,https://blinkit.com/prn/product/prid/767719
peanut butter,560001,ok,2026-09-15T20:54:24,52,False,444823,MyFitness,MyFitness Original Peanut Butter Smooth Spread,510 g,281,319,38,11.9,2,2,False,https://blinkit.com/prn/product/prid/444823
peanut butter,560001,ok,2026-09-15T20:54:24,53,False,552667,Kissan,Kissan Hazelnut Choco Peanut Butter,350 g,215,255,40,15.7,1,1,False,https://blinkit.com/prn/product/prid/552667
peanut butter,560001,ok,2026-09-15T20:54:24,54,False,554131,MyFitness,MyFitness Chocolate Peanut Butter with Almond Crunch,510 g,345,379,34,9.0,2,2,False,https://blinkit.com/prn/product/prid/554131
peanut butter,560001,ok,2026-09-15T20:54:24,55,False,716466,Doctor's Choice,Doctor's Choice High Protein Crunchy Peanut Butter,350 g,349,449,100,22.3,1,1,False,https://blinkit.com/prn/product/prid/716466
peanut butter,560001,ok,2026-09-15T20:54:24,56,False,648920,Nutty,Nutty Chocolate Natural Peanut Butter,510 g,250,320,70,21.9,1,1,False,https://blinkit.com/prn/product/prid/648920
peanut butter,560001,ok,2026-09-15T20:54:24,57,False,716465,Doctor's Choice,Doctor's Choice High Protein Creamy Peanut Butter,350 g,349,449,100,22.3,1,1,False,https://blinkit.com/prn/product/prid/716465
peanut butter,560001,ok,2026-09-15T20:54:24,58,False,675190,I'MWow,I'MWow Creamy Peanut Butter,1 kg,349,499,150,30.1,1,1,False,https://blinkit.com/prn/product/prid/675190
peanut butter,560001,ok,2026-09-15T20:54:24,59,False,730118,The Nut Tale,The Nut Tale Chocolate Crunchy Peanut Butter,500 g,199,399,200,50.1,1,1,False,https://blinkit.com/prn/product/prid/730118
peanut butter,560001,ok,2026-09-15T20:54:24,60,False,720119,BeastLife,BeastLife Crunchy Coconut Peanut Butter,800 g,398,699,301,43.1,1,1,False,https://blinkit.com/prn/product/prid/720119
dog food,560001,ok,2026-09-15T20:54:55,1,True,660203,Benny's Bowl,Benny's Bowl Fresh Dog Food (Chicken & Rice),5 x 300 g,899,1075,176,16.4,1,1,False,https://blinkit.com/prn/product/prid/660203
dog food,560001,ok,2026-09-15T20:54:55,2,False,555458,Pedigree,"Pedigree Adult Wet Dog Food, Chicken & Liver Chunks in Gravy",130 g,70,70,0,0.0,17,17,False,https://blinkit.com/prn/product/prid/555458
dog food,560001,ok,2026-09-15T20:54:55,3,False,554176,HUFT,HUFT Sara's Wholesome Classic Chicken & Brown Rice Fresh Dog Food,100 g,78,99,21,21.2,7,7,False,https://blinkit.com/prn/product/prid/554176
dog food,560001,ok,2026-09-15T20:54:55,4,False,135584,Pedigree,Pedigree Adult Wet Dog Food -Chicken & Liver Chunks in Gravy flavour,70 g,50,50,0,0.0,11,11,False,https://blinkit.com/prn/product/prid/135584
dog food,560001,ok,2026-09-15T20:54:55,5,True,640126,Benny's Bowl,Benny's Bowl Chicken & Rice Fresh Dog Food,300 g,199,225,26,11.6,3,3,False,https://blinkit.com/prn/product/prid/640126
dog food,560001,ok,2026-09-15T20:54:55,6,False,352647,Pedigree,Pedigree Adult Dry Dog Food - Chicken & Vegetables,1.2 kg,313,340,27,7.9,2,2,False,https://blinkit.com/prn/product/prid/352647
dog food,560001,ok,2026-09-15T20:54:55,7,False,542106,HUFT,HUFT Sara's Wholesome Chicken & Turkey Fresh Dog Food,300 g,253,389,136,35.0,7,7,False,https://blinkit.com/prn/product/prid/542106
dog food,560001,ok,2026-09-15T20:54:55,8,False,20551,Pedigree,Pedigree Adult Dry Dog Food - Rice & Meat,1.2 kg,313,340,27,7.9,2,2,False,https://blinkit.com/prn/product/prid/20551
dog food,560001,ok,2026-09-15T20:54:55,9,True,639721,Benny's Bowl,Benny's Bowl Fresh Dog Food (Chicken & Pumpkin),5 x 300 g,999,1500,501,33.4,1,1,False,https://blinkit.com/prn/product/prid/639721
dog food,560001,ok,2026-09-15T20:54:55,10,False,462457,Kennel Kitchen,Kennel Kitchen Chicken Sticks with Flaxseed Dog Treat,100 g,190,199,9,4.5,6,6,False,https://blinkit.com/prn/product/prid/462457
dog food,560001,ok,2026-09-15T20:54:55,11,False,491824,Kennel Kitchen,Kennel Kitchen Lamb-Sticks with Pumpkin Dog Treat,70 g,199,199,0,0.0,6,6,False,https://blinkit.com/prn/product/prid/491824
dog food,560001,ok,2026-09-15T20:54:55,12,False,555459,Pedigree,Pedigree Adult Wet Dog Food - Chicken & Liver Chunks in Gravy,12 x 130 g,798,840,42,5.0,3,3,False,https://blinkit.com/prn/product/prid/555459
dog food,560001,ok,2026-09-15T20:54:55,13,True,767476,Drools,Drools Real Chicken Biryani Fresh Dog Food,150 g,92,99,7,7.1,1,1,False,https://blinkit.com/prn/product/prid/767476
dog food,560001,ok,2026-09-15T20:54:55,14,False,771576,Drools,Drools Sunday Roast with Chicken & Vegetables Chunks In Gravy Wet Dog Food,6 x 120 g,228,250,22,8.8,2,2,False,https://blinkit.com/prn/product/prid/771576
dog food,560001,ok,2026-09-15T20:54:55,15,False,443899,Pedigree,Pedigree Biscrok Dog Biscuit - Chicken with Milk,500 g,170,200,30,15.0,2,2,False,https://blinkit.com/prn/product/prid/443899
dog food,560001,ok,2026-09-15T20:54:55,16,False,27229,Pedigree,Pedigree Dry Puppy Food - Chicken & Milk,3 kg,740,770,30,3.9,3,3,False,https://blinkit.com/prn/product/prid/27229
dog food,560001,ok,2026-09-15T20:54:55,17,True,767475,Drools,Drools Real Chicken & Pumpkin Fresh Dog Food,150 g,92,99,7,7.1,3,3,False,https://blinkit.com/prn/product/prid/767475
dog food,560001,ok,2026-09-15T20:54:55,18,False,716207,Active,Active Mutton Biryani Fresh Dog Food,2 x 300 g,270,299,29,9.7,2,2,False,https://blinkit.com/prn/product/prid/716207
dog food,560001,ok,2026-09-15T20:54:55,19,False,235796,Pedigree,Pedigree Dentastix Oral Care Dental Treat Small-Breed (5-10 kg),110 g,152,160,8,5.0,3,3,False,https://blinkit.com/prn/product/prid/235796
dog food,560001,ok,2026-09-15T20:54:55,20,False,771579,Drools,Drools Real Chicken & Liver Chunks In Gravy Wet Dog Food,6 x 120 g,228,250,22,8.8,3,3,False,https://blinkit.com/prn/product/prid/771579
dog food,560001,ok,2026-09-15T20:54:55,21,True,767499,Drools,Drools Chicken Biryani Fresh Dog Food,350 g,180,199,19,9.5,2,2,False,https://blinkit.com/prn/product/prid/767499
dog food,560001,ok,2026-09-15T20:54:55,22,False,608385,HUFT,HUFT Sara's Wholesome Fresh Dog Food - Lamb & Apple,300 g,292,399,107,26.8,3,3,False,https://blinkit.com/prn/product/prid/608385
dog food,560001,ok,2026-09-15T20:54:55,23,False,112438,Drools,Drools Chicken & Egg Dry Puppy Food,1.2 kg,279,299,20,6.7,1,1,False,https://blinkit.com/prn/product/prid/112438
dog food,560001,ok,2026-09-15T20:54:55,24,False,541219,Pedigree,Pedigree Wet Puppy Food - Chicken & Liver Chunks,130 g,70,70,0,0.0,5,5,False,https://blinkit.com/prn/product/prid/541219
dog food,560001,ok,2026-09-15T20:54:55,25,True,769700,Drools,Drools Real Chicken & Turkey Fresh Dog Food,150 g,92,99,7,7.1,7,7,False,https://blinkit.com/prn/product/prid/769700
dog food,560001,ok,2026-09-15T20:54:55,26,False,624240,Purple Tails,Purple Tails Chicken Wrapped Milky Bones Dog Treat,70 g,199,229,30,13.1,2,2,False,https://blinkit.com/prn/product/prid/624240
dog food,560001,ok,2026-09-15T20:54:55,27,False,555646,Drools,Drools Chicken Liver Wet Puppy Food,6 x 150 g,225,250,25,10.0,3,3,False,https://blinkit.com/prn/product/prid/555646
dog food,560001,ok,2026-09-15T20:54:55,28,False,512642,PurePet,PurePet Adult Dry Dog Food (Chicken And Vegetable),1 kg,196,199,3,1.5,2,2,False,https://blinkit.com/prn/product/prid/512642
dog food,560001,ok,2026-09-15T20:54:55,29,True,768522,Drools,Drools Real ChickenVeggies Fresh Dog Food,150 g,92,99,7,7.1,6,6,False,https://blinkit.com/prn/product/prid/768522
dog food,560001,ok,2026-09-15T20:54:55,30,False,548059,HUFT,HUFT Sara’s Rich Blend Bone Broth Dog Wet Food,150 ml,149,149,0,0.0,2,2,False,https://blinkit.com/prn/product/prid/548059
dog food,560001,ok,2026-09-15T20:54:55,31,False,554181,HUFT,HUFT Sara's Wholesome Chicken Biryani Fresh Dog Food,300 g,228,299,71,23.7,5,5,False,https://blinkit.com/prn/product/prid/554181
dog food,560001,ok,2026-09-15T20:54:55,32,False,556001,HUFT,HUFT Sara's Wholesome Grain-Free Lamb & Apple Fresh Dog Food,100 g,98,135,37,27.4,8,8,False,https://blinkit.com/prn/product/prid/556001
dog food,560001,ok,2026-09-15T20:54:55,33,True,761411,HUFT,HUFT Sara's Wholesome Grain-Free Chicken & Turkey Fresh Dog Food,10 x 100 g,1097,1290,193,15.0,1,1,False,https://blinkit.com/prn/product/prid/761411
dog food,560001,ok,2026-09-15T20:54:55,34,False,430958,PurePet,PurePet Dog Biscuit with Real Chicken,800 g,294,300,6,2.0,1,1,False,https://blinkit.com/prn/product/prid/430958
dog food,560001,ok,2026-09-15T20:54:55,35,False,12473,Royal Canin,Royal Canin Mini Dog Dry Puppy Food,4 kg,3949,4310,361,8.4,2,2,False,https://blinkit.com/prn/product/prid/12473
dog food,560001,ok,2026-09-15T20:54:55,36,False,524506,Goofy Tails,Goofy Tails Bone Chicken Broth for Dogs,100 ml,94,106,12,11.3,3,3,False,https://blinkit.com/prn/product/prid/524506
dog food,560001,ok,2026-09-15T20:54:55,37,True,753730,HUFT,HUFT Sara's Wholesome Fresh Dog Food - Chicken Biryani,100 g,124,129,5,3.9,3,3,False,https://blinkit.com/prn/product/prid/753730
dog food,560001,ok,2026-09-15T20:54:55,38,False,12476,Pedigree,Pedigree Adult Dry Dog Food - Chicken & Vegetable,3 kg,701,730,29,4.0,3,3,False,https://blinkit.com/prn/product/prid/12476
dog food,560001,ok,2026-09-15T20:54:55,39,False,482913,Royal Canin,Royal Canin Maxi Dry Puppy Food,1 kg,1077,1110,33,3.0,2,2,False,https://blinkit.com/prn/product/prid/482913
dog food,560001,ok,2026-09-15T20:54:55,40,False,392781,Pedigree,Pedigree Dentastix Oral Care Dental Treat Large-Breed (25 kg+),2 x 270 g,521,560,39,7.0,1,1,False,https://blinkit.com/prn/product/prid/392781
dog food,560001,ok,2026-09-15T20:54:55,41,True,753731,HUFT,HUFT Sara's Wholesome Fresh Dog Food - Mutton Biryani,100 g,124,129,5,3.9,3,3,False,https://blinkit.com/prn/product/prid/753731
dog food,560001,ok,2026-09-15T20:54:55,42,False,633408,Farmina,Farmina N&D Pumpkin Chicken and Pomegranate Dry Dog Food,2.5 kg,2679,3090,411,13.3,2,2,False,https://blinkit.com/prn/product/prid/633408
dog food,560001,ok,2026-09-15T20:54:55,43,False,714237,Active,Active Chicken & Pumpkin Biryani Fresh Dog Food,2 x 300 g,270,299,29,9.7,1,1,False,https://blinkit.com/prn/product/prid/714237
dog food,560001,ok,2026-09-15T20:54:55,44,False,785320,Drools,Drools All Life Stages Dry Dog Food,3 kg,768,825,57,6.9,2,2,False,https://blinkit.com/prn/product/prid/785320
dog food,560001,ok,2026-09-15T20:54:55,45,True,782740,HUFT,HUFT Sara’s Wholesome Vegetable Biryani Wet Dog Food,1 unit,92,99,7,7.1,1,1,False,https://blinkit.com/prn/product/prid/782740
dog food,560001,ok,2026-09-15T20:54:55,46,False,430508,Drools,Drools Chicken & Egg Adult Dry Dog Food,4.2 kg,756,925,169,18.3,3,3,False,https://blinkit.com/prn/product/prid/430508
dog food,560001,ok,2026-09-15T20:54:55,47,False,570482,Drools,Drools Optimum Performance Adult Dry Dog Food (Chicken),10 kg,1288,1599,311,19.4,1,1,False,https://blinkit.com/prn/product/prid/570482
dog food,560001,ok,2026-09-15T20:54:55,48,False,624231,Purple Tails,Purple Tails Chicken Chew Sticks Dog Treat,100 g,189,229,40,17.5,3,3,False,https://blinkit.com/prn/product/prid/624231
dog food,560001,ok,2026-09-15T20:54:55,49,True,1392555,HUFT,HUFT Sara's Wholesome Chicken & Brown Rice Fresh Wet Puppy Food,100 g,93,99,6,6.1,1,1,False,https://blinkit.com/prn/product/prid/1392555
dog food,560001,ok,2026-09-15T20:54:55,50,False,546041,Royal Canin,Royal Canin Mini Adult Dry Dog Food,800 g,854,880,26,3.0,2,2,False,https://blinkit.com/prn/product/prid/546041
dog food,560001,ok,2026-09-15T20:54:55,51,False,640519,Drools,Drools Chicken & Liver in Gravy Adult Wet Dog Food,12 x 60 g,230,250,20,8.0,1,1,False,https://blinkit.com/prn/product/prid/640519
dog food,560001,ok,2026-09-15T20:54:55,52,False,771893,Drools,Drools Duck with Pumpkin & Tomato Chunks In Gravy Wet Dog Food,6 x 120 g,228,250,22,8.8,1,1,False,https://blinkit.com/prn/product/prid/771893
dog food,560001,ok,2026-09-15T20:54:55,53,True,12471,Royal Canin,Royal Canin Maxi Adult Dry Dog Food,4 kg,3179,3610,431,11.9,1,1,False,https://blinkit.com/prn/product/prid/12471
dog food,560001,ok,2026-09-15T20:54:55,54,False,554179,HUFT,HUFT Sara's Wholesome Classic Paneer & Veggies Fresh Dog Food,300 g,239,299,60,20.1,2,2,False,https://blinkit.com/prn/product/prid/554179
dog food,560001,ok,2026-09-15T20:54:55,55,False,542108,HUFT,HUFT Sara's Wholesome Fresh Dog Food - Classic Chicken & Brown Rice,300 g,224,299,75,25.1,3,3,False,https://blinkit.com/prn/product/prid/542108
dog food,560001,ok,2026-09-15T20:54:55,56,False,571744,Pedigree,Pedigree Adult Dry Dog Food,1 kg,346,360,14,3.9,3,3,False,https://blinkit.com/prn/product/prid/571744
dog food,560001,ok,2026-09-15T20:54:55,57,True,12466,Royal Canin,Royal Canin Labrador Retriever Dry Dog Food - Adult Dog,3 kg,2939,3190,251,7.9,1,1,False,https://blinkit.com/prn/product/prid/12466
dog food,560001,ok,2026-09-15T20:54:55,58,False,411002,Pedigree,Pedigree Adult Wet Dog Food -Chicken & Liver Chunks in Gravy,15 x 70 g,713,750,37,4.9,3,3,False,https://blinkit.com/prn/product/prid/411002
dog food,560001,ok,2026-09-15T20:54:55,59,False,767470,Active,Active Chicken Biryani Fresh Dog Food,2 x 100 g,101,110,9,8.2,2,2,False,https://blinkit.com/prn/product/prid/767470
dog food,560001,ok,2026-09-15T20:54:55,60,False,430959,Drools,Drools Absolute Calcium Bone Dog Supplement - 40 Pcs,600 g,414,450,36,8.0,3,3,False,https://blinkit.com/prn/product/prid/430959
face wash,560001,ok,2026-09-15T20:55:08,1,True,563200,Ghar Soaps,Ghar Soaps De-Tanning Magic Face Wash,100 ml,299,333,34,10.2,7,7,False,https://blinkit.com/prn/product/prid/563200
face wash,560001,ok,2026-09-15T20:55:08,2,False,500359,Minimalist,Minimalist Salicylic Acid + LHA 02% Face Cleanser,100 ml,299,299,0,0.0,8,8,False,https://blinkit.com/prn/product/prid/500359
face wash,560001,ok,2026-09-15T20:55:08,3,False,496038,Cetaphil,Cetaphil Gentle Skin Cleanser,118 ml,404,459,55,12.0,22,22,False,https://blinkit.com/prn/product/prid/496038
face wash,560001,ok,2026-09-15T20:55:08,4,True,707417,Novology,Novology Acne Deep Clearing Cleanser,150 g,585,650,65,10.0,2,2,False,https://blinkit.com/prn/product/prid/707417
face wash,560001,ok,2026-09-15T20:55:08,5,False,443558,Plum,Plum Green Tea Pore Cleansing Face Wash with Glycolic Acid,50 ml,180,199,19,9.5,2,2,False,https://blinkit.com/prn/product/prid/443558
face wash,560001,ok,2026-09-15T20:55:08,6,False,545079,Dot & Key,Dot & Key Vitamin C + E Super Bright Gel Face Wash,100 ml,215,249,34,13.7,5,5,False,https://blinkit.com/prn/product/prid/545079
face wash,560001,ok,2026-09-15T20:55:08,7,True,499591,Dot & Key,Dot & Key Cica Calming Clearing Gel Face Wash,100 ml,215,249,34,13.7,3,3,False,https://blinkit.com/prn/product/prid/499591
face wash,560001,ok,2026-09-15T20:55:08,8,False,544202,The Derma Co,The Derma Co Sali-Cinamide Anti-Acne Face Wash,80 ml,224,249,25,10.0,7,7,False,https://blinkit.com/prn/product/prid/544202
face wash,560001,ok,2026-09-15T20:55:08,9,False,19790,Himalaya,Himalaya Purifying Neem Face Wash,150 ml,184,279,95,34.1,7,7,False,https://blinkit.com/prn/product/prid/19790
face wash,560001,ok,2026-09-15T20:55:08,10,True,579490,Plum,Plum 2% Niacinamide & Rice Water Simply Bright Face Wash,100 ml,270,299,29,9.7,2,2,False,https://blinkit.com/prn/product/prid/579490
face wash,560001,ok,2026-09-15T20:55:08,11,False,499590,Dot & Key,Dot & Key Barrier Repair + Hydrating Gentle Face Wash,100 ml,215,249,34,13.7,2,2,False,https://blinkit.com/prn/product/prid/499590
face wash,560001,ok,2026-09-15T20:55:08,12,False,52768,Garnier,Garnier Bright Complete Face Wash 100 g,100 g,176,219,43,19.6,4,4,False,https://blinkit.com/prn/product/prid/52768
face wash,560001,ok,2026-09-15T20:55:08,13,True,664150,Minimalist,Minimalist Salicylic Acid + LHA 02% Face Cleanser,250 ml,599,599,0,0.0,4,4,False,https://blinkit.com/prn/product/prid/664150
face wash,560001,ok,2026-09-15T20:55:08,14,False,493520,Mamaearth,Mamaearth Vitamin C Daily Glow Face Wash,50 ml,119,125,6,4.8,6,6,False,https://blinkit.com/prn/product/prid/493520
face wash,560001,ok,2026-09-15T20:55:08,15,False,544535,Simple,Simple Refreshing Face Wash,150 ml,315,450,135,30.0,4,4,False,https://blinkit.com/prn/product/prid/544535
face wash,560001,ok,2026-09-15T20:55:08,16,True,538610,The Derma Co,The Derma Co 1% Salicylic Acid Face Wash,100 ml,296,329,33,10.0,3,3,False,https://blinkit.com/prn/product/prid/538610
face wash,560001,ok,2026-09-15T20:55:08,17,False,770967,Ethiglo,Ethiglo Skin Whitening & Deep Cleansing Facial Foam,70 g,260,260,0,0.0,10,10,False,https://blinkit.com/prn/product/prid/770967
face wash,560001,ok,2026-09-15T20:55:08,18,False,722970,Foxtale,Foxtale Oil & Acne Control Gel Face Wash,100 ml,225,249,24,9.6,5,5,False,https://blinkit.com/prn/product/prid/722970
face wash,560001,ok,2026-09-15T20:55:08,19,True,679287,CeraVe,CeraVe Hydrating Non Foaming Face Cleanser for Normal to Dry Skin,88 ml,323,359,36,10.0,2,2,False,https://blinkit.com/prn/product/prid/679287
face wash,560001,ok,2026-09-15T20:55:08,20,False,35864,Garnier Men,Garnier Men Turbo Bright Anti-Pollution Double Action Face Wash 100 g,100 g,240,319,79,24.8,6,6,False,https://blinkit.com/prn/product/prid/35864
face wash,560001,ok,2026-09-15T20:55:08,21,False,757775,Chemist At Play,Chemist At Play Gentle Exfoliating Face Wash,100 ml,299,299,0,0.0,4,4,False,https://blinkit.com/prn/product/prid/757775
face wash,560001,ok,2026-09-15T20:55:08,22,True,695350,Garnier,Garnier Men Acno Fight Gentle Gel Cleanser,100 ml,225,299,74,24.7,2,2,False,https://blinkit.com/prn/product/prid/695350
face wash,560001,ok,2026-09-15T20:55:08,23,False,657660,Muuchstac,Muuchstac Ocean Men's Face Wash with Multi-Action Formula,2 x 100 ml,220,598,378,63.2,2,2,False,https://blinkit.com/prn/product/prid/657660
face wash,560001,ok,2026-09-15T20:55:08,24,False,764569,Cetaphil,Cetaphil Gentle Skin Cleanser,59 ml,199,199,0,0.0,6,6,False,https://blinkit.com/prn/product/prid/764569
face wash,560001,ok,2026-09-15T20:55:08,25,True,499592,Dot & Key,Dot & Key Watermelon Cooling Gel Face Wash,100 ml,215,249,34,13.7,2,2,False,https://blinkit.com/prn/product/prid/499592
face wash,560001,ok,2026-09-15T20:55:08,26,False,614109,Dermatouch,Dermatouch Dailyglow Bright & Even Skin Tone Face Wash,70 g,189,279,90,32.3,5,5,False,https://blinkit.com/prn/product/prid/614109
face wash,560001,ok,2026-09-15T20:55:08,27,False,760484,Foxtale,Foxtale Super Glow Face Wash,150 ml,290,329,39,11.9,1,1,False,https://blinkit.com/prn/product/prid/760484
face wash,560001,ok,2026-09-15T20:55:08,28,True,702737,VLCC,VLCC Anti Tan Skin Lightening Face Wash,300 ml,299,299,0,0.0,1,1,False,https://blinkit.com/prn/product/prid/702737
face wash,560001,ok,2026-09-15T20:55:08,29,False,507262,Mamaearth,Mamaearth Rice Water & Niacinamide Face Wash,100 ml,256,285,29,10.2,5,5,False,https://blinkit.com/prn/product/prid/507262
face wash,560001,ok,2026-09-15T20:55:08,30,False,547055,Cetaphil,Cetaphil Gentle Skin Cleanser,1 ltr,1747,1899,152,8.0,3,3,False,https://blinkit.com/prn/product/prid/547055
face wash,560001,ok,2026-09-15T20:55:08,31,True,775590,VLCC,VLCC Tan to Tango Skin Care Kit,1 set,400,449,49,10.9,1,1,False,https://blinkit.com/prn/product/prid/775590
face wash,560001,ok,2026-09-15T20:55:08,32,False,579753,Muuchstac,Muuchstac Ocean Face Wash for Men with Multi-Action Formula,100 ml,150,299,149,49.8,2,2,False,https://blinkit.com/prn/product/prid/579753
face wash,560001,ok,2026-09-15T20:55:08,33,False,754461,Tuco Kids,Tuco Kids Anti-Dull Kids Facewash,100 ml,212,250,38,15.2,3,3,False,https://blinkit.com/prn/product/prid/754461
face wash,560001,ok,2026-09-15T20:55:08,34,True,568780,Biotique,Biotique Fruit Brightening Face Wash,200 ml,148,400,252,63.0,2,2,False,https://blinkit.com/prn/product/prid/568780
face wash,560001,ok,2026-09-15T20:55:08,35,False,313796,Cetaphil,Cetaphil Oily Skin Cleanser,118 ml,645,749,104,13.9,4,4,False,https://blinkit.com/prn/product/prid/313796
face wash,560001,ok,2026-09-15T20:55:08,36,False,332025,Cetaphil,Cetaphil Gentle Skin Cleanser Face Wash,236 ml,695,799,104,13.0,8,8,False,https://blinkit.com/prn/product/prid/332025
face wash,560001,ok,2026-09-15T20:55:08,37,True,544201,The Derma Co,The Derma Co 1% Kojic Acid Face Wash,100 ml,296,329,33,10.0,3,3,False,https://blinkit.com/prn/product/prid/544201
face wash,560001,ok,2026-09-15T20:55:08,38,False,744378,Cetaphil,Cetaphil Oily Skin Face Cleanser,59 ml,348,389,41,10.5,3,3,False,https://blinkit.com/prn/product/prid/744378
face wash,560001,ok,2026-09-15T20:55:08,39,False,681097,Foxtale,Foxtale Vitamin C Super Glow Face Wash with Papaya Enzyme,100 ml,225,249,24,9.6,2,2,False,https://blinkit.com/prn/product/prid/681097
face wash,560001,ok,2026-09-15T20:55:08,40,True,555323,Deconstruct,Deconstruct Salicylic Acid Oil Control Facewash,100 ml,276,299,23,7.7,1,1,False,https://blinkit.com/prn/product/prid/555323
face wash,560001,ok,2026-09-15T20:55:08,41,False,23960,Nivea Men,Nivea Men All-In-1 Charcoal Face Wash 100 g,100 g,199,329,130,39.5,4,4,False,https://blinkit.com/prn/product/prid/23960
face wash,560001,ok,2026-09-15T20:55:08,42,False,518693,The Face Shop,The Face Shop Korean Rice Water Bright Foaming Cleanser,50 ml,371,374,3,0.8,3,3,False,https://blinkit.com/prn/product/prid/518693
face wash,560001,ok,2026-09-15T20:55:08,43,True,1386647,Deconstruct,Deconstruct Vitamin C Brightening Face Wash,100 ml,276,299,23,7.7,1,1,False,https://blinkit.com/prn/product/prid/1386647
face wash,560001,ok,2026-09-15T20:55:08,44,False,458381,Pond's,Pond's Bright Beauty Spot-Less Glow Face Wash,150 g,292,389,97,24.9,3,3,False,https://blinkit.com/prn/product/prid/458381
face wash,560001,ok,2026-09-15T20:55:08,45,False,727094,Be Neude,Be Neude Detanning and Brightening Gel Face Wash,100 ml,245,349,104,29.8,3,3,False,https://blinkit.com/prn/product/prid/727094
face wash,560001,ok,2026-09-15T20:55:08,46,True,678671,Oshea Herbals,Oshea Herbals Papaya Clean Anti Blemish Face Wash,100 g,156,195,39,20.0,2,2,False,https://blinkit.com/prn/product/prid/678671
face wash,560001,ok,2026-09-15T20:55:08,47,False,136977,Everyuth,Everyuth Fruit Face Wash,150 g,136,250,114,45.6,2,2,False,https://blinkit.com/prn/product/prid/136977
face wash,560001,ok,2026-09-15T20:55:08,48,False,621145,Simple,Simple Moisturising Face Wash,150 ml,360,450,90,20.0,2,2,False,https://blinkit.com/prn/product/prid/621145
face wash,560001,ok,2026-09-15T20:55:08,49,True,506655,The Face Shop,The Face Shop Rice Water Bright Foaming Cleanser,100 ml,594,625,31,5.0,1,1,False,https://blinkit.com/prn/product/prid/506655
face wash,560001,ok,2026-09-15T20:55:08,50,False,536117,Himalaya,Himalaya Moisturising Aloe Vera Face Wash,200 ml,225,449,224,49.9,3,3,False,https://blinkit.com/prn/product/prid/536117
face wash,560001,ok,2026-09-15T20:55:08,51,False,425137,Himalaya,Himalaya Purifying Neem Face Wash (400 ml),400 ml,300,599,299,49.9,3,3,False,https://blinkit.com/prn/product/prid/425137
face wash,560001,ok,2026-09-15T20:55:08,52,True,475327,The Face Shop,The Face Shop Rice Water Bright Foaming Cleanser,150 ml,810,899,89,9.9,2,2,False,https://blinkit.com/prn/product/prid/475327
face wash,560001,ok,2026-09-15T20:55:08,53,False,703070,Cetaphil,Cetaphil Gentle Exfoliating SA Cleanser,29 ml,99,99,0,0.0,3,3,False,https://blinkit.com/prn/product/prid/703070
face wash,560001,ok,2026-09-15T20:55:08,54,False,351675,Pond's,Pond's Pure Detox Anti-Pollution Purity With Activated Charcoal Face Wash,100 g,237,249,12,4.8,2,2,False,https://blinkit.com/prn/product/prid/351675
face wash,560001,ok,2026-09-15T20:55:08,55,True,1384385,Innisfree,Innisfree Volcanic Clusters BHA Foaming Daily Cleanser,80 g,450,450,0,0.0,2,2,False,https://blinkit.com/prn/product/prid/1384385
face wash,560001,ok,2026-09-15T20:55:08,56,False,483116,Beardo,Beardo De-Tan Face Wash for Men,100 ml,240,299,59,19.7,5,5,False,https://blinkit.com/prn/product/prid/483116
face wash,560001,ok,2026-09-15T20:55:08,57,False,587076,Clean & Clear,Clean & Clear Vitamin C Face Wash,100 ml,206,219,13,5.9,2,2,False,https://blinkit.com/prn/product/prid/587076
face wash,560001,ok,2026-09-15T20:55:08,58,True,554738,Plix,Plix Pineapple De-Pigmentation Face Cleanser,90 ml,230,235,5,2.1,1,1,False,https://blinkit.com/prn/product/prid/554738
face wash,560001,ok,2026-09-15T20:55:08,59,False,19442,Neutrogena,Neutrogena Oil Free Acne Face Wash,175 ml,748,850,102,12.0,3,3,False,https://blinkit.com/prn/product/prid/19442
face wash,560001,ok,2026-09-15T20:55:08,60,False,493519,Mamaearth,Mamaearth Ubtan Face Wash 50 ml,50 ml,125,125,0,0.0,3,3,False,https://blinkit.com/prn/product/prid/493519
protein bar,560001,ok,2026-09-15T20:55:21,1,True,475628,Yoga Bar,Yoga Bar Assorted Breakfast Protein Bar Pack,4 x 45 g + 2 x 50 g,248,299,51,17.1,6,6,False,https://blinkit.com/prn/product/prid/475628
protein bar,560001,ok,2026-09-15T20:55:21,2,False,347631,RiteBite,RiteBite Max Protein Daily Choco Almond 10 g Protein Bar,50 g,80,80,0,0.0,34,34,False,https://blinkit.com/prn/product/prid/347631
protein bar,560001,ok,2026-09-15T20:55:21,3,False,249288,Yoga Bar,Yoga Bar Chocolate Chunk Nut Multigrain Energy Bar,35 g,48,50,2,4.0,42,42,False,https://blinkit.com/prn/product/prid/249288
protein bar,560001,ok,2026-09-15T20:55:21,4,False,787991,Yoga Bar,Yoga Bar Dark Chocolate 10g Protein Wafer Bar,40 g,56,60,4,6.7,14,14,False,https://blinkit.com/prn/product/prid/787991
protein bar,560001,ok,2026-09-15T20:55:21,5,True,735409,The Whole Truth,The Whole Truth Cranberry Raisin Protein Bar,52 g,132,175,43,24.6,32,32,False,https://blinkit.com/prn/product/prid/735409
protein bar,560001,ok,2026-09-15T20:55:21,6,False,787996,Yoga Bar,Yoga Bar Cookies & Cream 10g Protein Wafer Bar,40 g,56,60,4,6.7,15,15,False,https://blinkit.com/prn/product/prid/787996
protein bar,560001,ok,2026-09-15T20:55:21,7,False,403262,RiteBite,RiteBite Max Protein Daily Choco Berry 10 g Protein Bar,50 g,80,80,0,0.0,15,15,False,https://blinkit.com/prn/product/prid/403262
protein bar,560001,ok,2026-09-15T20:55:21,8,False,457042,The Whole Truth,The Whole Truth Double Cocoa Protein Bar,52 g,120,130,10,7.7,50,50,False,https://blinkit.com/prn/product/prid/457042
protein bar,560001,ok,2026-09-15T20:55:21,9,True,537082,Yoga Bar,Yoga Bar Daily 10g Protein Bar Pack (Assorted),6 x 50 g,298,349,51,14.6,4,4,False,https://blinkit.com/prn/product/prid/537082
protein bar,560001,ok,2026-09-15T20:55:21,10,False,581442,SuperYou,SuperYou Chocolate Wafer Protein Bar,40 g,58,60,2,3.3,14,14,False,https://blinkit.com/prn/product/prid/581442
protein bar,560001,ok,2026-09-15T20:55:21,11,False,457044,The Whole Truth,The Whole Truth Almond Choco Fudge Energy Bar,40 g,83,85,2,2.4,17,17,False,https://blinkit.com/prn/product/prid/457044
protein bar,560001,ok,2026-09-15T20:55:21,12,False,745421,Avvatar,Avvatar Chocolate Protein Wafer Bar,40 g,59,80,21,26.2,24,24,False,https://blinkit.com/prn/product/prid/745421
protein bar,560001,ok,2026-09-15T20:55:21,13,True,628202,Yoga Bar,Yoga Bar Choco Peanut Butter Mini Protein Bar Pack,7 x 20 g,138,175,37,21.1,24,24,False,https://blinkit.com/prn/product/prid/628202
protein bar,560001,ok,2026-09-15T20:55:21,14,False,483696,The Whole Truth,The Whole Truth Rich 71% Cocoa Bar,80 g,292,310,18,5.8,10,10,False,https://blinkit.com/prn/product/prid/483696
protein bar,560001,ok,2026-09-15T20:55:21,15,False,503417,The Whole Truth,The Whole Truth 20 g Protein Bar - Double Cocoa,67 g,178,199,21,10.6,33,33,False,https://blinkit.com/prn/product/prid/503417
protein bar,560001,ok,2026-09-15T20:55:21,16,False,28376,RiteBite,RiteBite Max Protein Daily Choco Classic 10 g Protein Bar,50 g,80,80,0,0.0,27,27,False,https://blinkit.com/prn/product/prid/28376
protein bar,560001,ok,2026-09-15T20:55:21,17,True,728540,RiteBite,RiteBite Coffee Mousse Millet Wafer Protein Bar,4 x 40 g,270,284,14,4.9,1,1,False,https://blinkit.com/prn/product/prid/728540
protein bar,560001,ok,2026-09-15T20:55:21,18,False,616983,Yoga Bar,"Yoga Bar 20 g Protein Bar, Choco Peanut Butter, No Added Sugar",70 g,109,125,16,12.8,3,3,False,https://blinkit.com/prn/product/prid/616983
protein bar,560001,ok,2026-09-15T20:55:21,19,False,581440,SuperYou,SuperYou Strawberry Creme Wafer Protein Bar,40 g,58,60,2,3.3,15,15,False,https://blinkit.com/prn/product/prid/581440
protein bar,560001,ok,2026-09-15T20:55:21,20,False,581439,SuperYou,SuperYou Choco Peanut Butter Wafer Protein Bar,40 g,55,60,5,8.3,8,8,False,https://blinkit.com/prn/product/prid/581439
protein bar,560001,ok,2026-09-15T20:55:21,21,True,745110,Avvatar,Avvatar Cheese Protein Wafer Bar,40 g,59,80,21,26.2,4,4,False,https://blinkit.com/prn/product/prid/745110
protein bar,560001,ok,2026-09-15T20:55:21,22,False,558095,The Whole Truth,The Whole Truth Almond Millet Cocoa Protein Bar,55 g,153,175,22,12.6,33,33,False,https://blinkit.com/prn/product/prid/558095
protein bar,560001,ok,2026-09-15T20:55:21,23,False,686923,Phab,Phab 10g Protein Cookies & Cream Millet Wafer Bar,40 g,57,70,13,18.6,13,13,False,https://blinkit.com/prn/product/prid/686923
protein bar,560001,ok,2026-09-15T20:55:21,24,False,759656,SuperYou,SuperYou 20g Nutty Chocolate Multigrain Wafer Bar,60 g,114,120,6,5.0,8,8,False,https://blinkit.com/prn/product/prid/759656
protein bar,560001,ok,2026-09-15T20:55:21,25,True,745118,Avvatar,Avvatar Tiramisu Protein Wafer Bar,42 g,59,80,21,26.2,5,5,False,https://blinkit.com/prn/product/prid/745118
protein bar,560001,ok,2026-09-15T20:55:21,26,False,424403,Yoga Bar,Yoga Bar Blueberry Pie Breakfast Protein Bar,45 g,56,60,4,6.7,7,7,False,https://blinkit.com/prn/product/prid/424403
protein bar,560001,ok,2026-09-15T20:55:21,27,False,629233,Yoga Bar,"Yoga Bar 20 g Protein Bar, Coffee Rush, No Added Sugar",70 g,109,125,16,12.8,3,3,False,https://blinkit.com/prn/product/prid/629233
protein bar,560001,ok,2026-09-15T20:55:21,28,False,625868,Phab,Phab 21g Protein Chocolate Brownie Protein Bar,65 g,120,125,5,4.0,5,5,False,https://blinkit.com/prn/product/prid/625868
protein bar,560001,ok,2026-09-15T20:55:21,29,True,745422,Avvatar,Avvatar Coffee Protein Wafer Bar,40 g,78,99,21,21.2,4,4,False,https://blinkit.com/prn/product/prid/745422
protein bar,560001,ok,2026-09-15T20:55:21,30,False,503416,The Whole Truth,The Whole Truth 20 g Protein Bar - Peanut Cocoa,67 g,178,199,21,10.6,7,7,False,https://blinkit.com/prn/product/prid/503416
protein bar,560001,ok,2026-09-15T20:55:21,31,False,457040,The Whole Truth,The Whole Truth Coffee Cocoa Protein Bar,52 g,120,130,10,7.7,8,8,False,https://blinkit.com/prn/product/prid/457040
protein bar,560001,ok,2026-09-15T20:55:21,32,False,498155,RiteBite,RiteBite Max Protein Daily 10 g Protein Bar Pack Box (Assorted),6 x 50 g,442,480,38,7.9,5,5,False,https://blinkit.com/prn/product/prid/498155
protein bar,560001,ok,2026-09-15T20:55:21,33,True,557651,RiteBite,RiteBite Max Protein Choco Berry 30 g Protein Bar,2 x 100 g,350,360,10,2.8,3,3,False,https://blinkit.com/prn/product/prid/557651
protein bar,560001,ok,2026-09-15T20:55:21,34,False,406811,RiteBite,RiteBite Peanut Butter 4g Protein Bar,2 x 40 g,88,90,2,2.2,3,3,False,https://blinkit.com/prn/product/prid/406811
protein bar,560001,ok,2026-09-15T20:55:21,35,False,17336,RiteBite,RiteBite Choco Delite 4g Protein Bar,40 g,45,45,0,0.0,7,7,False,https://blinkit.com/prn/product/prid/17336
protein bar,560001,ok,2026-09-15T20:55:21,36,False,719412,SuperYou,SuperYou Cookies & Cream Wafer Protein Bar,40 g,58,60,2,3.3,3,3,False,https://blinkit.com/prn/product/prid/719412
protein bar,560001,ok,2026-09-15T20:55:21,37,True,675618,Prolicious,Prolicious High Protein Choco Seeds & Nuts Protein Bar Combo,4 x 50 g,300,300,0,0.0,1,1,False,https://blinkit.com/prn/product/prid/675618
protein bar,560001,ok,2026-09-15T20:55:21,38,False,625853,Phab,Phab 11g Protein Chocolate Brownie Protein Bar,35 g,68,70,2,2.9,4,4,False,https://blinkit.com/prn/product/prid/625853
protein bar,560001,ok,2026-09-15T20:55:21,39,False,581438,SuperYou,SuperYou Cheese Wafer Protein Bar,40 g,55,60,5,8.3,3,3,False,https://blinkit.com/prn/product/prid/581438
protein bar,560001,ok,2026-09-15T20:55:21,40,False,530742,Yoga Bar,Yoga Bar 10 g Dark Chocolate & Cranberry Protein Bar,50 g,65,65,0,0.0,2,2,False,https://blinkit.com/prn/product/prid/530742
protein bar,560001,ok,2026-09-15T20:55:21,41,True,593840,Green Protein,Green Protein Crave Protein Bar,4 x 50 g,627,734,107,14.6,1,1,False,https://blinkit.com/prn/product/prid/593840
protein bar,560001,ok,2026-09-15T20:55:21,42,False,538828,RiteBite,RiteBite Fruit and Nut Max Protein 10 g Protein Bar,50 g,80,80,0,0.0,4,4,False,https://blinkit.com/prn/product/prid/538828
protein bar,560001,ok,2026-09-15T20:55:21,43,False,554596,RiteBite,RiteBite Max Protein Choco Almond 30 g Protein Bar,100 g,177,180,3,1.7,9,9,False,https://blinkit.com/prn/product/prid/554596
protein bar,560001,ok,2026-09-15T20:55:21,44,False,624551,SuperYou,SuperYou Coffee Protein Wafer Bar,40 g,58,60,2,3.3,1,1,False,https://blinkit.com/prn/product/prid/624551
protein bar,560001,ok,2026-09-15T20:55:21,45,True,659450,Amul,Amul Mango Flavour Protein Kulfi Stick,4 x 60 ml,152,160,8,5.0,1,1,False,https://blinkit.com/prn/product/prid/659450
protein bar,560001,ok,2026-09-15T20:55:21,46,False,457039,The Whole Truth,The Whole Truth Coconut Cocoa Protein Bar,52 g,120,130,10,7.7,16,16,False,https://blinkit.com/prn/product/prid/457039
protein bar,560001,ok,2026-09-15T20:55:21,47,False,634100,Avolt,Avolt Mint Chocolate Chip 15g Protein Wafer Bar,50 g,60,100,40,40.0,11,11,False,https://blinkit.com/prn/product/prid/634100
protein bar,560001,ok,2026-09-15T20:55:21,48,False,686885,Phab,Phab 10g Protein Chocolate Truffle Millet Protein Wafer Bar,40 g,67,70,3,4.3,5,5,False,https://blinkit.com/prn/product/prid/686885
protein bar,560001,ok,2026-09-15T20:55:21,49,True,1384760,Amul,Amul Protein Coffee Ice Cream Stick,3 x 60 ml,149,150,1,0.7,6,6,False,https://blinkit.com/prn/product/prid/1384760
protein bar,560001,ok,2026-09-15T20:55:21,50,False,457043,The Whole Truth,The Whole Truth Peanut Butter Protein Bar,52 g,120,130,10,7.7,5,5,False,https://blinkit.com/prn/product/prid/457043
protein bar,560001,ok,2026-09-15T20:55:21,51,False,503418,The Whole Truth,The Whole Truth 20 g Protein Bar - Coffee Cocoa,67 g,178,199,21,10.6,6,6,False,https://blinkit.com/prn/product/prid/503418
protein bar,560001,ok,2026-09-15T20:55:21,52,False,630527,The Whole Truth,The Whole Truth Protein Bar Hazelnut Cocoa,67 g,217,249,32,12.9,18,18,False,https://blinkit.com/prn/product/prid/630527
protein bar,560001,ok,2026-09-15T20:55:21,53,True,975494,Sunfeast Farmlite,Sunfeast Farmlite Oats & Almond Protein Cookies,75 g,69,75,6,8.0,4,4,False,https://blinkit.com/prn/product/prid/975494
protein bar,560001,ok,2026-09-15T20:55:21,54,False,625470,Avolt,Avolt Slims Birthday Cake 10g Protein Wafer Bar,35 g,39,50,11,22.0,5,5,False,https://blinkit.com/prn/product/prid/625470
protein bar,560001,ok,2026-09-15T20:55:21,55,False,1365580,SuperYou,SuperYou Kesar Pista Badam Protein Bar,60 g,115,125,10,8.0,10,10,False,https://blinkit.com/prn/product/prid/1365580
protein bar,560001,ok,2026-09-15T20:55:21,56,False,711067,SuperYou,Superyou Mini Protein Wafer Bars Assorted,10 x 20 g,275,300,25,8.3,3,3,False,https://blinkit.com/prn/product/prid/711067
protein bar,560001,ok,2026-09-15T20:55:21,57,True,650241,Farmley,Farmley Apple Pie Date Bites (No Added Sugar),200 g,339,400,61,15.2,4,4,False,https://blinkit.com/prn/product/prid/650241
protein bar,560001,ok,2026-09-15T20:55:21,58,False,712301,Green Protein,Green Protein Crave Assorted Mini Protein Bar,16 x 20 g,1197,1379,182,13.2,3,3,False,https://blinkit.com/prn/product/prid/712301
protein bar,560001,ok,2026-09-15T20:55:21,59,False,719409,SuperYou,SuperYou Assorted Wafer Protein Bar Pack,5 x 40 g,249,300,51,17.0,2,2,False,https://blinkit.com/prn/product/prid/719409
protein bar,560001,ok,2026-09-15T20:55:21,60,False,735557,The Whole Truth,The Whole Truth Assorted Mini Protein Bar Pack (Date Sweetened),8 x 27 g,576,640,64,10.0,3,3,False,https://blinkit.com/prn/product/prid/735557
oats,560001,ok,2026-09-15T20:55:35,1,True,546488,Yoga Bar,Yoga Bar 26g High Protein Oats (Dark Chocolate),250 g,139,200,61,30.5,3,3,False,https://blinkit.com/prn/product/prid/546488
oats,560001,ok,2026-09-15T20:55:35,2,False,37264,Quaker,Quaker Rolled Instant Oats,400 g,86,86,0,0.0,9,9,False,https://blinkit.com/prn/product/prid/37264
oats,560001,ok,2026-09-15T20:55:35,3,False,563346,Pintola,Pintola High Protein Oats (Chocolate),1 kg,550,620,70,11.3,10,10,False,https://blinkit.com/prn/product/prid/563346
oats,560001,ok,2026-09-15T20:55:35,4,False,743134,AMAYU,AMAYU Jumbo Rolled Oats,400 g,249,639,390,61.0,1,1,False,https://blinkit.com/prn/product/prid/743134
oats,560001,ok,2026-09-15T20:55:35,5,True,782872,Yoga Bar,"Yoga Bar Protein Oats (Fruits, Nuts & Seeds)",1 kg,439,490,51,10.4,3,3,False,https://blinkit.com/prn/product/prid/782872
oats,560001,ok,2026-09-15T20:55:35,6,False,216024,Saffola,Saffola Classic-Masala Oats,38 g,20,20,0,0.0,3,3,False,https://blinkit.com/prn/product/prid/216024
oats,560001,ok,2026-09-15T20:55:35,7,False,28297,Quaker,Quaker Multigrain Rolled Oats Breakfast Cereal,600 g,157,192,35,18.2,3,3,False,https://blinkit.com/prn/product/prid/28297
oats,560001,ok,2026-09-15T20:55:35,8,False,571161,Saffola,Saffola Oats Soft & Creamy Instant Rolled Oats,1 kg,160,205,45,22.0,3,3,False,https://blinkit.com/prn/product/prid/571161
oats,560001,ok,2026-09-15T20:55:35,9,True,733340,Alpino,Alpino High Protein Classic Coffee Super Oats,1 kg,480,539,59,10.9,1,1,False,https://blinkit.com/prn/product/prid/733340
oats,560001,ok,2026-09-15T20:55:35,10,False,720380,Yoga Bar,Yoga Bar Protein Oats - Dark Chocolate,1 kg,439,490,51,10.4,4,4,False,https://blinkit.com/prn/product/prid/720380
oats,560001,ok,2026-09-15T20:55:35,11,False,499414,Manna,Manna Whole Grain Rolled Oats,1 kg,196,279,83,29.7,2,2,False,https://blinkit.com/prn/product/prid/499414
oats,560001,ok,2026-09-15T20:55:35,12,False,24097,Bagrry's,Bagrry's White Instant Oats,1 kg,166,220,54,24.5,3,3,False,https://blinkit.com/prn/product/prid/24097
oats,560001,ok,2026-09-15T20:55:35,13,True,733341,Alpino,Alpino High Protein Dark Chocolate Oats,1 kg,520,649,129,19.9,3,3,False,https://blinkit.com/prn/product/prid/733341
oats,560001,ok,2026-09-15T20:55:35,14,False,446211,Yoga Bar,Yoga Bar Premium Golden Rolled Oats (Gluten Free),400 g,197,199,2,1.0,13,13,False,https://blinkit.com/prn/product/prid/446211
oats,560001,ok,2026-09-15T20:55:35,15,False,664410,Pintola,Pintola 26g High Protein Oats Caffè Mocha with Almonds & Raisin,1 kg,525,620,95,15.3,2,2,False,https://blinkit.com/prn/product/prid/664410
oats,560001,ok,2026-09-15T20:55:35,16,False,24626,Saffola,Saffola Oats Soft & Creamy Instant Rolled Oats,460 g,90,100,10,10.0,5,5,False,https://blinkit.com/prn/product/prid/24626
oats,560001,ok,2026-09-15T20:55:35,17,True,1388728,GOAT Life,GOAT Life High Protein Overnight Instant Oats Brownie Fudge,75 g,139,139,0,0.0,4,4,False,https://blinkit.com/prn/product/prid/1388728
oats,560001,ok,2026-09-15T20:55:35,18,False,617564,Alpino,Alpino High Protein Oats Chocolate,400 g,222,249,27,10.8,3,3,False,https://blinkit.com/prn/product/prid/617564
oats,560001,ok,2026-09-15T20:55:35,19,False,593719,Saffola,Saffola Classic Masala Flavoured Oats,750 g,255,355,100,28.2,2,2,False,https://blinkit.com/prn/product/prid/593719
oats,560001,ok,2026-09-15T20:55:35,20,False,582201,Bagrry's,Bagrry's Jumbo Rolled Oats,1 kg,232,430,198,46.0,2,2,False,https://blinkit.com/prn/product/prid/582201
oats,560001,ok,2026-09-15T20:55:35,21,True,1385301,GOAT Life,GOAT Life High Protein Overnight Instant Oats Almond Kulfi - Pack of 3,3 x 75 g,264,357,93,26.1,1,1,False,https://blinkit.com/prn/product/prid/1385301
oats,560001,ok,2026-09-15T20:55:35,22,False,364019,Bagrry's,Bagrry's Steel Cut Oats,500 g,220,299,79,26.4,3,3,False,https://blinkit.com/prn/product/prid/364019
oats,560001,ok,2026-09-15T20:55:35,23,False,664400,Pintola,Pintola 26g High Protein Oats Caffe Mocha with Almonds & Raisins,400 g,266,310,44,14.2,2,2,False,https://blinkit.com/prn/product/prid/664400
oats,560001,ok,2026-09-15T20:55:35,24,False,617777,Alpino,Alpino High Protein Oats Chocolate 1 kg,1 kg,489,549,60,10.9,3,3,False,https://blinkit.com/prn/product/prid/617777
oats,560001,ok,2026-09-15T20:55:35,25,True,689190,GOAT Life,GOAT Life High Protein Overnight Instant Oats Mango Madness,75 g,119,139,20,14.4,3,3,False,https://blinkit.com/prn/product/prid/689190
oats,560001,ok,2026-09-15T20:55:35,26,False,798085,GOAT Life,GOAT Life Tiramisu High Protein Overnight / Instant Oats,75 g,139,149,10,6.7,5,5,False,https://blinkit.com/prn/product/prid/798085
oats,560001,ok,2026-09-15T20:55:35,27,False,10689,Kellogg's,Kellogg's Oats,900 g,165,199,34,17.1,3,3,False,https://blinkit.com/prn/product/prid/10689
oats,560001,ok,2026-09-15T20:55:35,28,False,491829,MuscleBlaze,MuscleBlaze High Protein Oats (Dark Chocolate Flavour),1 kg,599,699,100,14.3,3,3,False,https://blinkit.com/prn/product/prid/491829
oats,560001,ok,2026-09-15T20:55:35,29,True,691592,GOAT Life,GOAT Life High Protein Overnight Instant Oats Mocha Marvel,75 g,119,139,20,14.4,4,4,False,https://blinkit.com/prn/product/prid/691592
oats,560001,ok,2026-09-15T20:55:35,30,False,782462,Yoga Bar,Yoga Bar 26% High Protein Instant Oats (Dark Chocolate),3 x 50 g,99,105,6,5.7,3,3,False,https://blinkit.com/prn/product/prid/782462
oats,560001,ok,2026-09-15T20:55:35,31,False,446214,Yoga Bar,Yoga Bar Dark Chocolate Oats (Gluten Free),400 g,198,220,22,10.0,2,2,False,https://blinkit.com/prn/product/prid/446214
oats,560001,ok,2026-09-15T20:55:35,32,False,729708,GOAT Life,GOAT Life High Protein Overnight Instant Oats Choco-Nut Crunch - Pack of 2,2 x 75 g,233,278,45,16.2,3,3,False,https://blinkit.com/prn/product/prid/729708
oats,560001,ok,2026-09-15T20:55:35,33,True,725921,Yu,Yu Whole Wheat Roasted Vermicelli,400 g,69,120,51,42.5,4,4,False,https://blinkit.com/prn/product/prid/725921
oats,560001,ok,2026-09-15T20:55:35,34,False,804662,Tata Soulfull,Tata Soulfull No Cook Millet Hi Protein Oats Berry Chia,375 g,246,310,64,20.6,1,1,False,https://blinkit.com/prn/product/prid/804662
oats,560001,ok,2026-09-15T20:55:35,35,False,802117,Tata Soulfull,Tata Soulfull No Cook Hi Protein Oats Dark Cocoa & Almond,375 g,246,310,64,20.6,2,2,False,https://blinkit.com/prn/product/prid/802117
oats,560001,ok,2026-09-15T20:55:35,36,False,770484,GOAT Life,GOAT Life High Protein Overnight Instant Oats Choco Hazelnut,60 g,69,69,0,0.0,3,3,False,https://blinkit.com/prn/product/prid/770484
oats,560001,ok,2026-09-15T20:55:35,37,True,609571,Farmley,"Farmley Natural Quinoa High Protein, Dietary Fiber & Gluten-Free Superfood",1 kg,293,399,106,26.6,2,2,False,https://blinkit.com/prn/product/prid/609571
oats,560001,ok,2026-09-15T20:55:35,38,False,499418,Manna,Manna Instant Oats,1 kg,157,299,142,47.5,2,2,False,https://blinkit.com/prn/product/prid/499418
oats,560001,ok,2026-09-15T20:55:35,39,False,661510,Miheso Mind Health Soul,MiHeSo Overnight Oats Mini Variety Pack,4 x 60 g,450,480,30,6.2,1,1,False,https://blinkit.com/prn/product/prid/661510
oats,560001,ok,2026-09-15T20:55:35,40,False,659903,Saffola,Saffola Classic Masala Instant Oats,225 g,100,170,70,41.2,3,3,False,https://blinkit.com/prn/product/prid/659903
oats,560001,ok,2026-09-15T20:55:35,41,False,391003,Saffola,Saffola Classic Masala Oats,550 g,232,260,28,10.8,2,2,False,https://blinkit.com/prn/product/prid/391003
oats,560001,ok,2026-09-15T20:55:35,42,False,617783,Saffola,Saffola Cuppa Flavoured Oats (Magic Masala),52 g,53,70,17,24.3,1,1,False,https://blinkit.com/prn/product/prid/617783
oats,560001,ok,2026-09-15T20:55:35,43,False,149,Saffola,Saffola Masala Veggie Twist Oats,38 g,20,20,0,0.0,5,5,False,https://blinkit.com/prn/product/prid/149
oats,560001,ok,2026-09-15T20:55:35,44,False,487104,Tata Soulfull,"Tata Soulfull Desi Veggie Masala Oats With 25% Millets, Non Sticky",500 g,185,249,64,25.7,1,1,False,https://blinkit.com/prn/product/prid/487104
oats,560001,ok,2026-09-15T20:55:35,45,False,745238,The Organic Cosmos,The Organic Cosmos Signature High Protein Oats,1 kg,629,699,70,10.0,1,1,False,https://blinkit.com/prn/product/prid/745238
oats,560001,ok,2026-09-15T20:55:35,46,False,502852,MuscleBlaze,MuscleBlaze High Protein Oats (Dark Chocolate Flavour),400 g,299,349,50,14.3,2,2,False,https://blinkit.com/prn/product/prid/502852
oats,560001,ok,2026-09-15T20:55:35,47,False,567972,Yoga Bar,Yoga Bar Premium Golden Rolled Oats (Gluten Free),1 kg,230,410,180,43.9,1,1,False,https://blinkit.com/prn/product/prid/567972
oats,560001,ok,2026-09-15T20:55:35,48,False,395937,Saffola,Saffola Classic-Masala Oats x 2 +  Masala Veggie Twist Oats x 2 Combo,2 x 38 g + 2 x 38 g,76,80,4,5.0,1,1,False,https://blinkit.com/prn/product/prid/395937
oats,560001,ok,2026-09-15T20:55:35,49,False,769671,Sundrop,Sundrop Heart Plain Rolled Oats,1 kg,145,149,4,2.7,2,2,False,https://blinkit.com/prn/product/prid/769671
oats,560001,ok,2026-09-15T20:55:35,50,False,758083,Doctor's Choice,Doctor's Choice High Protein Oats - Banana Caramel,750 g,599,698,99,14.2,2,2,False,https://blinkit.com/prn/product/prid/758083
oats,560001,ok,2026-09-15T20:55:35,51,False,1388742,True Elements,True Elements Dark Chocolate High Protein Oats,400 g,279,299,20,6.7,3,3,False,https://blinkit.com/prn/product/prid/1388742
oats,560001,ok,2026-09-15T20:55:35,52,False,1394686,Yoga Bar,Yoga Bar High Protein Oats (Mum's Masala),3 x 40 g,69,105,36,34.3,2,2,False,https://blinkit.com/prn/product/prid/1394686
oats,560001,ok,2026-09-15T20:55:35,53,False,772281,Pintola,Pintola High Protein Magic Masala Oats,400 g,216,239,23,9.6,1,1,False,https://blinkit.com/prn/product/prid/772281
oats,560001,ok,2026-09-15T20:55:35,54,False,776774,Pintola,Pintola Masala High Protein Oats,3 x 35 g,79,90,11,12.2,3,3,False,https://blinkit.com/prn/product/prid/776774
oats,560001,ok,2026-09-15T20:55:35,55,False,659913,Saffola,Saffola Masala Instant Oats Veggie Twist,750 g,255,355,100,28.2,2,2,False,https://blinkit.com/prn/product/prid/659913
oats,560001,ok,2026-09-15T20:55:35,56,False,768180,Sundrop,Sundrop Heart Masala Oats with Millets,500 g,165,195,30,15.4,1,1,False,https://blinkit.com/prn/product/prid/768180
oats,560001,ok,2026-09-15T20:55:35,57,False,720382,Yoga Bar,Yoga Bar Protein Oats - Filter Kappi,1 kg,439,490,51,10.4,1,1,False,https://blinkit.com/prn/product/prid/720382
oats,560001,ok,2026-09-15T20:55:35,58,False,487103,Tata Soulfull,"Tata Soulfull Mast Masala Oats With 25% Millets, Non sticky",500 g,191,249,58,23.3,1,1,False,https://blinkit.com/prn/product/prid/487103
oats,560001,ok,2026-09-15T20:55:35,59,False,751654,Saffola,Saffola Hi- Protein Oats,400 g,220,250,30,12.0,3,3,False,https://blinkit.com/prn/product/prid/751654
oats,560001,ok,2026-09-15T20:55:35,60,False,802277,Tata Soulfull,Tata Soulfull Hi Protein Oats Combo Pack,6 x 35 g,141,170,29,17.1,2,2,False,https://blinkit.com/prn/product/prid/802277
peanut butter,400001,ok,2026-09-15T20:55:48,1,True,444825,MyFitness,MyFitness High Protein Chocolate Peanut Butter Smooth Spread,510 g,281,319,38,11.9,3,3,False,https://blinkit.com/prn/product/prid/444825
peanut butter,400001,ok,2026-09-15T20:55:48,2,False,425544,Pintola,Pintola All Natural Crunchy Peanut Butter (Unsweetened),350 g,156,170,14,8.2,3,3,False,https://blinkit.com/prn/product/prid/425544
peanut butter,400001,ok,2026-09-15T20:55:48,3,False,497915,MyFitness,MyFitness High Protein Chocolate Crunchy Peanut Butter Spread (227 g),227 g,148,159,11,6.9,2,2,False,https://blinkit.com/prn/product/prid/497915
peanut butter,400001,ok,2026-09-15T20:55:48,4,False,444833,Pintola,Pintola Dark Chocolate Crunchy Peanut Butter,350 g,169,180,11,6.1,3,3,False,https://blinkit.com/prn/product/prid/444833
peanut butter,400001,ok,2026-09-15T20:55:48,5,True,531918,Dr. Oetker,Dr. Oetker FunFoods Crunchy Peanut Butter,750 g,189,199,10,5.0,1,1,False,https://blinkit.com/prn/product/prid/531918
peanut butter,400001,ok,2026-09-15T20:55:48,6,False,481211,The Whole Truth,The Whole Truth Crunchy Unsweetened Peanut Butter,325 g,194,210,16,7.6,3,3,False,https://blinkit.com/prn/product/prid/481211
peanut butter,400001,ok,2026-09-15T20:55:48,7,False,749183,MyFitness,MyFitness Chocolate Crunchy Peanut Butter,900 g,440,499,59,11.8,4,4,False,https://blinkit.com/prn/product/prid/749183
peanut butter,400001,ok,2026-09-15T20:55:48,8,False,498024,Pintola,Pintola Dark Chocolate Creamy Peanut Butter (High Protein),510 g,349,375,26,6.9,8,8,False,https://blinkit.com/prn/product/prid/498024
peanut butter,400001,ok,2026-09-15T20:55:48,9,True,782395,Disano,Disano Unsweetened Crunchy Peanut Butter,1 kg,250,500,250,50.0,2,2,False,https://blinkit.com/prn/product/prid/782395
peanut butter,400001,ok,2026-09-15T20:55:48,10,False,425546,Pintola,Pintola All Natural Creamy Peanut Butter (Unsweetened),350 g,156,170,14,8.2,2,2,False,https://blinkit.com/prn/product/prid/425546
peanut butter,400001,ok,2026-09-15T20:55:48,11,False,444826,Pintola,Pintola All Natural Crunchy Almond Butter,200 g,395,425,30,7.1,3,3,False,https://blinkit.com/prn/product/prid/444826
peanut butter,400001,ok,2026-09-15T20:55:48,12,False,538435,MyFitness,MyFitness All Natural Peanut Butter Crunchy Spread (Unsweetened),510 g,281,319,38,11.9,1,1,False,https://blinkit.com/prn/product/prid/538435
peanut butter,400001,ok,2026-09-15T20:55:48,13,True,782392,Disano,Disano Chocolate Creamy Peanut Butter,350 g,129,250,121,48.4,1,1,False,https://blinkit.com/prn/product/prid/782392
peanut butter,400001,ok,2026-09-15T20:55:48,14,False,525708,Pintola,Pintola High Protein Dark Chocolate Crunchy Peanut Butter,510 g,349,375,26,6.9,4,4,False,https://blinkit.com/prn/product/prid/525708
peanut butter,400001,ok,2026-09-15T20:55:48,15,False,42804,Skippy,Skippy Creamy Peanut Butter,462 g,562,575,13,2.3,1,1,False,https://blinkit.com/prn/product/prid/42804
peanut butter,400001,ok,2026-09-15T20:55:48,16,False,613578,Jus'Amazin,Jus'Amazin Creamy Unsweetened Almond Butter,200 g,399,420,21,5.0,3,3,False,https://blinkit.com/prn/product/prid/613578
peanut butter,400001,ok,2026-09-15T20:55:48,17,True,531909,Dr. Oetker,Dr. Oetker FunFoods Creamy Peanut Butter,750 g,177,187,10,5.3,2,2,False,https://blinkit.com/prn/product/prid/531909
peanut butter,400001,ok,2026-09-15T20:55:48,18,False,166,Sundrop,Sundrop Creamy Peanut Butter,462 g,144,149,5,3.4,2,2,False,https://blinkit.com/prn/product/prid/166
peanut butter,400001,ok,2026-09-15T20:55:48,19,False,460592,Alpino,Alpino Natural Crunch Unsweetened Peanut Butter,1 kg,365,419,54,12.9,2,2,False,https://blinkit.com/prn/product/prid/460592
peanut butter,400001,ok,2026-09-15T20:55:48,20,False,444832,Pintola,Pintola Dark Chocolate Creamy Peanut Butter,350 g,168,180,12,6.7,2,2,False,https://blinkit.com/prn/product/prid/444832
peanut butter,400001,ok,2026-09-15T20:55:48,21,True,460595,Alpino,Alpino Chocolate Smooth Peanut Butter,1 kg,409,469,60,12.8,2,2,False,https://blinkit.com/prn/product/prid/460595
peanut butter,400001,ok,2026-09-15T20:55:48,22,False,562029,Sundrop,Sundrop Peanut Butter with Grape Jelly,340 g,125,150,25,16.7,3,3,False,https://blinkit.com/prn/product/prid/562029
peanut butter,400001,ok,2026-09-15T20:55:48,23,False,705058,Alpino,Alpino Crunchy Peanut Butter,400 g,165,189,24,12.7,2,2,False,https://blinkit.com/prn/product/prid/705058
peanut butter,400001,ok,2026-09-15T20:55:48,24,False,716465,Doctor's Choice,Doctor's Choice High Protein Creamy Peanut Butter,350 g,349,449,100,22.3,3,3,False,https://blinkit.com/prn/product/prid/716465
peanut butter,400001,ok,2026-09-15T20:55:48,25,True,781550,The Saucy Spoon,The Saucy Spoon Crunchy Peanut Butter,340 g,199,299,100,33.4,2,2,False,https://blinkit.com/prn/product/prid/781550
peanut butter,400001,ok,2026-09-15T20:55:48,26,False,750151,MyFitness,MyFitness Chocolate Creamy Peanut Butter,900 g,440,499,59,11.8,1,1,False,https://blinkit.com/prn/product/prid/750151
peanut butter,400001,ok,2026-09-15T20:55:48,27,False,497914,MyFitness,MyFitness High Protein Chocolate Peanut Butter Smooth Spread (227 g),227 g,148,159,11,6.9,2,2,False,https://blinkit.com/prn/product/prid/497914
peanut butter,400001,ok,2026-09-15T20:55:48,28,False,650898,MyFitness,MyFitness Zero Added Sugar Crunchy Peanut Butter,510 g,304,349,45,12.9,2,2,False,https://blinkit.com/prn/product/prid/650898
peanut butter,400001,ok,2026-09-15T20:55:48,29,True,781272,The Saucy Spoon,The Saucy Spoon Creamy Peanut Butter,340 g,199,299,100,33.4,2,2,False,https://blinkit.com/prn/product/prid/781272
peanut butter,400001,ok,2026-09-15T20:55:48,30,False,563386,Pintola,Pintola High Protein Jaggery Crunchy Peanut Butter,510 g,349,375,26,6.9,3,3,False,https://blinkit.com/prn/product/prid/563386
peanut butter,400001,ok,2026-09-15T20:55:48,31,False,782393,Disano,Disano Chocolate Crunchy Peanut Butter,350 g,79,250,171,68.4,2,2,False,https://blinkit.com/prn/product/prid/782393
peanut butter,400001,ok,2026-09-15T20:55:48,32,False,785167,Dravea,Dravea All Natural Crunchy Peanut Butter,425 g,229,250,21,8.4,3,3,False,https://blinkit.com/prn/product/prid/785167
peanut butter,400001,ok,2026-09-15T20:55:48,33,True,755244,Urpbgift,Urpbgift Crunchy Peanut Butter,500 g,239,399,160,40.1,1,1,False,https://blinkit.com/prn/product/prid/755244
peanut butter,400001,ok,2026-09-15T20:55:48,34,False,15351,Sundrop,Sundrop Regular Crunchy Peanut Butter,462 g,138,149,11,7.4,1,1,False,https://blinkit.com/prn/product/prid/15351
peanut butter,400001,ok,2026-09-15T20:55:48,35,False,737057,Country Farms,Country Farms High Protein Crispy Peanut Butter,1 kg,549,799,250,31.3,3,3,False,https://blinkit.com/prn/product/prid/737057
peanut butter,400001,ok,2026-09-15T20:55:48,36,False,785168,Dravea,Dravea Malai Mawa High Protein Creamy Peanut Butter,425 g,279,349,70,20.1,2,2,False,https://blinkit.com/prn/product/prid/785168
peanut butter,400001,ok,2026-09-15T20:55:48,37,True,530067,The Health Factory,The Health Factory Zero Maida Whole Wheat Bread,250 g,55,55,0,0.0,2,2,False,https://blinkit.com/prn/product/prid/530067
peanut butter,400001,ok,2026-09-15T20:55:48,38,False,538659,MyFitness,MyFitness Chocolate Peanut Butter Crispy Spread,227 g,148,159,11,6.9,2,2,False,https://blinkit.com/prn/product/prid/538659
peanut butter,400001,ok,2026-09-15T20:55:48,39,False,444823,MyFitness,MyFitness Original Peanut Butter Smooth Spread,510 g,281,319,38,11.9,2,2,False,https://blinkit.com/prn/product/prid/444823
peanut butter,400001,ok,2026-09-15T20:55:48,40,False,667913,Pintola,Pintola Classic Creamy Peanut Butter,500 g,199,215,16,7.4,2,2,False,https://blinkit.com/prn/product/prid/667913
peanut butter,400001,ok,2026-09-15T20:55:48,41,True,504877,Amul,Amul Hazelnut Chocolate Spread,300 g,270,270,0,0.0,1,1,False,https://blinkit.com/prn/product/prid/504877
peanut butter,400001,ok,2026-09-15T20:55:48,42,False,667911,Pintola,Pintola Classic Crunchy Peanut Butter,500 g,199,215,16,7.4,3,3,False,https://blinkit.com/prn/product/prid/667911
peanut butter,400001,ok,2026-09-15T20:55:48,43,False,442182,Sundrop,Sundrop Zero Added Sugar Crunchy Peanut Butter,924 g,249,325,76,23.4,2,2,False,https://blinkit.com/prn/product/prid/442182
peanut butter,400001,ok,2026-09-15T20:55:48,44,False,521550,The Whole Truth,The Whole Truth Unsweetened & Crunchy Peanut Butter,925 g,504,560,56,10.0,2,2,False,https://blinkit.com/prn/product/prid/521550
peanut butter,400001,ok,2026-09-15T20:55:48,45,False,1377916,Sundrop,Sundrop Crunchy Peanut Butter with Honey,300 g,99,99,0,0.0,3,3,False,https://blinkit.com/prn/product/prid/1377916
peanut butter,400001,ok,2026-09-15T20:55:48,46,False,482801,Kissan,Kissan Crunchy Peanut Butter,350 g,150,175,25,14.3,1,1,False,https://blinkit.com/prn/product/prid/482801
peanut butter,400001,ok,2026-09-15T20:55:48,47,False,442171,Disano,Disano Crunchy Peanut Butter,924 g,200,450,250,55.6,2,2,False,https://blinkit.com/prn/product/prid/442171
peanut butter,400001,ok,2026-09-15T20:55:48,48,False,716466,Doctor's Choice,Doctor's Choice High Protein Crunchy Peanut Butter,350 g,349,449,100,22.3,2,2,False,https://blinkit.com/prn/product/prid/716466
peanut butter,400001,ok,2026-09-15T20:55:48,49,False,647145,Nutty,Nutty Creamy Peanut Butter,340 g,110,179,69,38.5,2,2,False,https://blinkit.com/prn/product/prid/647145
peanut butter,400001,ok,2026-09-15T20:55:48,50,False,552667,Kissan,Kissan Hazelnut Choco Peanut Butter,350 g,215,255,40,15.7,2,2,False,https://blinkit.com/prn/product/prid/552667
peanut butter,400001,ok,2026-09-15T20:55:48,51,False,767719,Sundrop,Sundrop Chocolate Crunchy Peanut Butter,500 g,149,199,50,25.1,3,3,False,https://blinkit.com/prn/product/prid/767719
peanut butter,400001,ok,2026-09-15T20:55:48,52,False,763113,Sundrop,Sundrop High Protein Dark Chocolate Peanut Butter (Crunchy),500 g,249,325,76,23.4,2,2,False,https://blinkit.com/prn/product/prid/763113
peanut butter,400001,ok,2026-09-15T20:55:48,53,False,554131,MyFitness,MyFitness Chocolate Peanut Butter with Almond Crunch,510 g,345,379,34,9.0,2,2,False,https://blinkit.com/prn/product/prid/554131
peanut butter,400001,ok,2026-09-15T20:55:48,54,False,42807,Skippy,Skippy Super Chunk Crunchy Peanut Butter,462 g,562,575,13,2.3,2,2,False,https://blinkit.com/prn/product/prid/42807
peanut butter,400001,ok,2026-09-15T20:55:48,55,False,785586,Dravea,Dravea Dark Chocolate Crunchy Peanut Butter Spread,425 g,259,319,60,18.8,2,2,False,https://blinkit.com/prn/product/prid/785586
peanut butter,400001,ok,2026-09-15T20:55:48,56,False,730118,The Nut Tale,The Nut Tale Chocolate Crunchy Peanut Butter,500 g,199,399,200,50.1,1,1,False,https://blinkit.com/prn/product/prid/730118
peanut butter,400001,ok,2026-09-15T20:55:48,57,False,668625,Fitfeast,Fitfeast White Chocolate Peanut Butter,400 g,290,359,69,19.2,1,1,False,https://blinkit.com/prn/product/prid/668625
peanut butter,400001,ok,2026-09-15T20:55:48,58,False,660652,BeastLife,BeastLife Nuttin' Chocolate Crunchy Peanut Butter,350 g,218,310,92,29.7,1,1,False,https://blinkit.com/prn/product/prid/660652
peanut butter,400001,ok,2026-09-15T20:55:48,59,False,675190,I'MWow,I'MWow Creamy Peanut Butter,1 kg,349,499,150,30.1,1,1,False,https://blinkit.com/prn/product/prid/675190
peanut butter,400001,ok,2026-09-15T20:55:48,60,False,783444,Swaadly,Swaadly Chocolate Creamy Peanut Butter,500 g,399,499,100,20.0,2,2,False,https://blinkit.com/prn/product/prid/783444
dog food,400001,ok,2026-09-15T20:56:12,1,True,653224,Benny's Bowl,Benny's Bowl Lamb & French Beans Wet Fresh Dog Food,5 x 100 g,449,625,176,28.2,1,1,False,https://blinkit.com/prn/product/prid/653224
dog food,400001,ok,2026-09-15T20:56:12,2,False,555458,Pedigree,"Pedigree Adult Wet Dog Food, Chicken & Liver Chunks in Gravy",130 g,70,70,0,0.0,9,9,False,https://blinkit.com/prn/product/prid/555458
dog food,400001,ok,2026-09-15T20:56:12,3,False,554176,HUFT,HUFT Sara's Wholesome Classic Chicken & Brown Rice Fresh Dog Food,100 g,78,99,21,21.2,1,1,False,https://blinkit.com/prn/product/prid/554176
dog food,400001,ok,2026-09-15T20:56:12,4,False,352647,Pedigree,Pedigree Adult Dry Dog Food - Chicken & Vegetables,1.2 kg,313,340,27,7.9,1,1,False,https://blinkit.com/prn/product/prid/352647
dog food,400001,ok,2026-09-15T20:56:12,5,True,640126,Benny's Bowl,Benny's Bowl Chicken & Rice Fresh Dog Food,300 g,199,225,26,11.6,4,4,False,https://blinkit.com/prn/product/prid/640126
dog food,400001,ok,2026-09-15T20:56:12,6,False,135584,Pedigree,Pedigree Adult Wet Dog Food -Chicken & Liver Chunks in Gravy flavour,70 g,50,50,0,0.0,6,6,False,https://blinkit.com/prn/product/prid/135584
dog food,400001,ok,2026-09-15T20:56:12,7,False,519390,PurePet,PurePet Chicken & Vegetables Dry Puppy Food,1 kg,196,199,3,1.5,1,1,False,https://blinkit.com/prn/product/prid/519390
dog food,400001,ok,2026-09-15T20:56:12,8,False,545973,Royal Canin,Royal Canin Mini Dog Dry Puppy Food,800 g,951,980,29,3.0,3,3,False,https://blinkit.com/prn/product/prid/545973
dog food,400001,ok,2026-09-15T20:56:12,9,True,767476,Drools,Drools Real Chicken Biryani Fresh Dog Food,150 g,92,99,7,7.1,2,2,False,https://blinkit.com/prn/product/prid/767476
dog food,400001,ok,2026-09-15T20:56:12,10,False,555651,Drools,Drools Chicken Chunks in Gravy Adult Wet Dog Food,6 x 150 g,225,250,25,10.0,2,2,False,https://blinkit.com/prn/product/prid/555651
dog food,400001,ok,2026-09-15T20:56:12,11,False,491824,Kennel Kitchen,Kennel Kitchen Lamb-Sticks with Pumpkin Dog Treat,70 g,199,199,0,0.0,6,6,False,https://blinkit.com/prn/product/prid/491824
dog food,400001,ok,2026-09-15T20:56:12,12,False,640519,Drools,Drools Chicken & Liver in Gravy Adult Wet Dog Food,12 x 60 g,230,250,20,8.0,1,1,False,https://blinkit.com/prn/product/prid/640519
dog food,400001,ok,2026-09-15T20:56:12,13,True,767499,Drools,Drools Chicken Biryani Fresh Dog Food,350 g,180,199,19,9.5,2,2,False,https://blinkit.com/prn/product/prid/767499
dog food,400001,ok,2026-09-15T20:56:12,14,False,771576,Drools,Drools Sunday Roast with Chicken & Vegetables Chunks In Gravy Wet Dog Food,6 x 120 g,228,250,22,8.8,3,3,False,https://blinkit.com/prn/product/prid/771576
dog food,400001,ok,2026-09-15T20:56:12,15,False,554181,HUFT,HUFT Sara's Wholesome Chicken Biryani Fresh Dog Food,300 g,228,299,71,23.7,1,1,False,https://blinkit.com/prn/product/prid/554181
dog food,400001,ok,2026-09-15T20:56:12,16,False,112438,Drools,Drools Chicken & Egg Dry Puppy Food,1.2 kg,279,299,20,6.7,3,3,False,https://blinkit.com/prn/product/prid/112438
dog food,400001,ok,2026-09-15T20:56:12,17,True,769700,Drools,Drools Real Chicken & Turkey Fresh Dog Food,150 g,92,99,7,7.1,2,2,False,https://blinkit.com/prn/product/prid/769700
dog food,400001,ok,2026-09-15T20:56:12,18,False,548059,HUFT,HUFT Sara’s Rich Blend Bone Broth Dog Wet Food,150 ml,160,199,39,19.6,1,1,False,https://blinkit.com/prn/product/prid/548059
dog food,400001,ok,2026-09-15T20:56:12,19,False,462466,Jerhigh,Jerhigh Real Chicken Meat Blueberry Dog Treat,70 g,190,225,35,15.6,2,2,False,https://blinkit.com/prn/product/prid/462466
dog food,400001,ok,2026-09-15T20:56:12,20,False,462457,Kennel Kitchen,Kennel Kitchen Chicken Sticks with Flaxseed Dog Treat,100 g,190,199,9,4.5,1,1,False,https://blinkit.com/prn/product/prid/462457
dog food,400001,ok,2026-09-15T20:56:12,21,True,768522,Drools,Drools Real ChickenVeggies Fresh Dog Food,150 g,92,99,7,7.1,3,3,False,https://blinkit.com/prn/product/prid/768522
dog food,400001,ok,2026-09-15T20:56:12,22,False,443898,Pedigree,Pedigree Biscrok Dog Biscuit - Chicken,500 g,170,200,30,15.0,4,4,False,https://blinkit.com/prn/product/prid/443898
dog food,400001,ok,2026-09-15T20:56:12,23,False,512642,PurePet,PurePet Adult Dry Dog Food (Chicken And Vegetable),1 kg,196,199,3,1.5,2,2,False,https://blinkit.com/prn/product/prid/512642
dog food,400001,ok,2026-09-15T20:56:12,24,False,706288,Royal Canin,Royal Canin Mini Adult Dry Dog Food,220 g,250,250,0,0.0,2,2,False,https://blinkit.com/prn/product/prid/706288
dog food,400001,ok,2026-09-15T20:56:12,25,True,753730,HUFT,HUFT Sara's Wholesome Fresh Dog Food - Chicken Biryani,100 g,124,129,5,3.9,1,1,False,https://blinkit.com/prn/product/prid/753730
dog food,400001,ok,2026-09-15T20:56:12,26,False,555459,Pedigree,Pedigree Adult Wet Dog Food - Chicken & Liver Chunks in Gravy,12 x 130 g,798,840,42,5.0,1,1,False,https://blinkit.com/prn/product/prid/555459
dog food,400001,ok,2026-09-15T20:56:12,27,False,644199,BLEP World,BLEP World Natural Chicken Wet Dog Food,4 x 100 g,339,340,1,0.3,2,2,False,https://blinkit.com/prn/product/prid/644199
dog food,400001,ok,2026-09-15T20:56:12,28,False,411001,Pedigree,Pedigree Wet Puppy Food (Chicken & Liver Chunks in Gravy),15 x 70 g,713,750,37,4.9,1,1,False,https://blinkit.com/prn/product/prid/411001
dog food,400001,ok,2026-09-15T20:56:12,29,True,753731,HUFT,HUFT Sara's Wholesome Fresh Dog Food - Mutton Biryani,100 g,124,129,5,3.9,2,2,False,https://blinkit.com/prn/product/prid/753731
dog food,400001,ok,2026-09-15T20:56:12,30,False,320687,Pedigree,Pedigree Wet Puppy Food - Chicken & Liver Chunks,70 g,40,40,0,0.0,2,2,False,https://blinkit.com/prn/product/prid/320687
dog food,400001,ok,2026-09-15T20:56:12,31,False,570484,PurePet,PurePet Meat & Rice Adult Dry Dog Food,10 kg,1170,1299,129,9.9,3,3,False,https://blinkit.com/prn/product/prid/570484
dog food,400001,ok,2026-09-15T20:56:12,32,False,430510,Drools,Drools Adult Wet Dog Food (Chicken Liver Chunks in Gravy),150 g,50,50,0,0.0,3,3,False,https://blinkit.com/prn/product/prid/430510
dog food,400001,ok,2026-09-15T20:56:12,33,True,782740,HUFT,HUFT Sara’s Wholesome Vegetable Biryani Wet Dog Food,1 unit,92,99,7,7.1,1,1,False,https://blinkit.com/prn/product/prid/782740
dog food,400001,ok,2026-09-15T20:56:12,34,False,571691,Drools,Drools Chicken & Egg Adult Dry Dog Food (Inside Container),5 kg,940,1150,210,18.3,4,4,False,https://blinkit.com/prn/product/prid/571691
dog food,400001,ok,2026-09-15T20:56:12,35,False,22831,Drools,Drools Focus Adult Chicken Premium Dry Dog Food,1.2 kg,637,749,112,15.0,2,2,False,https://blinkit.com/prn/product/prid/22831
dog food,400001,ok,2026-09-15T20:56:12,36,False,554187,HUFT,HUFT Sara's Wholesome Grain-Free Chicken & Turkey Fresh Dog Food,100 g,103,135,32,23.7,1,1,False,https://blinkit.com/prn/product/prid/554187
dog food,400001,ok,2026-09-15T20:56:12,37,True,556001,HUFT,HUFT Sara's Wholesome Grain-Free Lamb & Apple Fresh Dog Food,100 g,98,135,37,27.4,1,1,False,https://blinkit.com/prn/product/prid/556001
dog food,400001,ok,2026-09-15T20:56:12,38,False,462467,Jerhigh,Jerhigh Dog Treat Sticks (with Real Chicken and Strawberry Flavoured),70 g,199,225,26,11.6,2,2,False,https://blinkit.com/prn/product/prid/462467
dog food,400001,ok,2026-09-15T20:56:12,39,False,430958,PurePet,PurePet Dog Biscuit with Real Chicken,800 g,294,300,6,2.0,1,1,False,https://blinkit.com/prn/product/prid/430958
dog food,400001,ok,2026-09-15T20:56:12,40,False,555646,Drools,Drools Chicken Liver Wet Puppy Food,6 x 150 g,203,225,22,9.8,1,1,False,https://blinkit.com/prn/product/prid/555646
dog food,400001,ok,2026-09-15T20:56:12,41,True,1392555,HUFT,HUFT Sara's Wholesome Chicken & Brown Rice Fresh Wet Puppy Food,100 g,93,99,6,6.1,1,1,False,https://blinkit.com/prn/product/prid/1392555
dog food,400001,ok,2026-09-15T20:56:12,42,False,659151,BLEP World,BLEP World Natural Wet Dog Food,7 x 100 g,579,580,1,0.2,1,1,False,https://blinkit.com/prn/product/prid/659151
dog food,400001,ok,2026-09-15T20:56:12,43,False,430959,Drools,Drools Absolute Calcium Bone Dog Supplement - 40 Pcs,600 g,414,450,36,8.0,1,1,False,https://blinkit.com/prn/product/prid/430959
dog food,400001,ok,2026-09-15T20:56:12,44,False,570483,Drools,Drools All Life Stages Dry Dog Food,1.2 kg,295,360,65,18.1,2,2,False,https://blinkit.com/prn/product/prid/570483
dog food,400001,ok,2026-09-15T20:56:12,45,True,12471,Royal Canin,Royal Canin Maxi Adult Dry Dog Food,4 kg,3179,3610,431,11.9,1,1,False,https://blinkit.com/prn/product/prid/12471
dog food,400001,ok,2026-09-15T20:56:12,46,False,524506,Goofy Tails,Goofy Tails Bone Chicken Broth for Dogs,100 ml,95,106,11,10.4,2,2,False,https://blinkit.com/prn/product/prid/524506
dog food,400001,ok,2026-09-15T20:56:12,47,False,761409,HUFT,HUFT Classic Paneer & Veggies Wet Dog Food,100 g,90,99,9,9.1,2,2,False,https://blinkit.com/prn/product/prid/761409
dog food,400001,ok,2026-09-15T20:56:12,48,False,554185,HUFT,HUFT Sara's Wholesome Mutton Biryani Fresh Dog Food,300 g,222,349,127,36.4,2,2,False,https://blinkit.com/prn/product/prid/554185
dog food,400001,ok,2026-09-15T20:56:12,49,True,12466,Royal Canin,Royal Canin Labrador Retriever Dry Dog Food - Adult Dog,3 kg,2939,3190,251,7.9,1,1,False,https://blinkit.com/prn/product/prid/12466
dog food,400001,ok,2026-09-15T20:56:12,50,False,462433,Kennel Kitchen,Kennel Kitchen Chicken Chunks in Gravy Wet Dog Food (Adult & Puppy),80 g,50,50,0,0.0,1,1,False,https://blinkit.com/prn/product/prid/462433
dog food,400001,ok,2026-09-15T20:56:12,51,False,462434,Kennel Kitchen,Kennel Kitchen Lamb Chunks in Gravy Wet Dog Food (Adult & Puppy),80 g,50,50,0,0.0,2,2,False,https://blinkit.com/prn/product/prid/462434
dog food,400001,ok,2026-09-15T20:56:12,52,False,20538,Pedigree,Pedigree Adult Dry Dog Food - Chicken & Vegetable,10 kg,2002,2390,388,16.2,1,1,False,https://blinkit.com/prn/product/prid/20538
dog food,400001,ok,2026-09-15T20:56:12,53,True,706356,Royal Canin,Royal Canin Mini Adult Wet Dog Food,12 x 85 g,1179,1308,129,9.9,1,1,False,https://blinkit.com/prn/product/prid/706356
dog food,400001,ok,2026-09-15T20:56:12,54,False,443858,Pedigree,Pedigree Adult Wet Dog Food - Chicken Liver & Vegetables Chunks in Gravy,70 g,50,50,0,0.0,2,2,False,https://blinkit.com/prn/product/prid/443858
dog food,400001,ok,2026-09-15T20:56:12,55,False,411002,Pedigree,Pedigree Adult Wet Dog Food -Chicken & Liver Chunks in Gravy,15 x 70 g,713,750,37,4.9,2,2,False,https://blinkit.com/prn/product/prid/411002
dog food,400001,ok,2026-09-15T20:56:12,56,False,235791,Pedigree,Pedigree Dentastix Oral Care Dental Treat Large-Breed (25 kg+),270 g,266,280,14,5.0,1,1,False,https://blinkit.com/prn/product/prid/235791
dog food,400001,ok,2026-09-15T20:56:12,57,True,706300,Royal Canin,Royal Canin Maxi Puppy Wet Dog Food,10 x 140 g,1529,1700,171,10.1,1,1,False,https://blinkit.com/prn/product/prid/706300
dog food,400001,ok,2026-09-15T20:56:12,58,False,246436,Pedigree,Pedigree Dentastix Oral Care Dental Treat Medium Breed (10-25 kg),180 g,200,210,10,4.8,2,2,False,https://blinkit.com/prn/product/prid/246436
dog food,400001,ok,2026-09-15T20:56:12,59,False,235796,Pedigree,Pedigree Dentastix Oral Care Dental Treat Small-Breed (5-10 kg),110 g,152,160,8,5.0,2,2,False,https://blinkit.com/prn/product/prid/235796
dog food,400001,ok,2026-09-15T20:56:12,60,False,27227,Pedigree,Pedigree Dry Puppy Food - Chicken & Milk,1.2 kg,336,365,29,7.9,2,2,False,https://blinkit.com/prn/product/prid/27227
face wash,400001,ok,2026-09-15T20:56:25,1,True,544535,Simple,Simple Refreshing Face Wash,150 ml,315,450,135,30.0,4,4,False,https://blinkit.com/prn/product/prid/544535
face wash,400001,ok,2026-09-15T20:56:25,2,False,500359,Minimalist,Minimalist Salicylic Acid + LHA 02% Face Cleanser,100 ml,299,299,0,0.0,6,6,False,https://blinkit.com/prn/product/prid/500359
face wash,400001,ok,2026-09-15T20:56:25,3,False,563200,Ghar Soaps,Ghar Soaps De-Tanning Magic Face Wash,100 ml,299,333,34,10.2,10,10,False,https://blinkit.com/prn/product/prid/563200
face wash,400001,ok,2026-09-15T20:56:25,4,True,621145,Simple,Simple Moisturising Face Wash,150 ml,360,450,90,20.0,5,5,False,https://blinkit.com/prn/product/prid/621145
face wash,400001,ok,2026-09-15T20:56:25,5,False,545079,Dot & Key,Dot & Key Vitamin C + E Super Bright Gel Face Wash,100 ml,215,249,34,13.7,9,9,False,https://blinkit.com/prn/product/prid/545079
face wash,400001,ok,2026-09-15T20:56:25,6,False,19790,Himalaya,Himalaya Purifying Neem Face Wash,150 ml,184,279,95,34.1,4,4,False,https://blinkit.com/prn/product/prid/19790
face wash,400001,ok,2026-09-15T20:56:25,7,True,579490,Plum,Plum 2% Niacinamide & Rice Water Simply Bright Face Wash,100 ml,284,315,31,9.8,2,2,False,https://blinkit.com/prn/product/prid/579490
face wash,400001,ok,2026-09-15T20:56:25,8,False,499590,Dot & Key,Dot & Key Barrier Repair + Hydrating Gentle Face Wash,100 ml,215,249,34,13.7,2,2,False,https://blinkit.com/prn/product/prid/499590
face wash,400001,ok,2026-09-15T20:56:25,9,False,443558,Plum,Plum Green Tea Pore Cleansing Face Wash with Glycolic Acid,50 ml,180,199,19,9.5,2,2,False,https://blinkit.com/prn/product/prid/443558
face wash,400001,ok,2026-09-15T20:56:25,10,True,499591,Dot & Key,Dot & Key Cica Calming Clearing Gel Face Wash,100 ml,215,249,34,13.7,4,4,False,https://blinkit.com/prn/product/prid/499591
face wash,400001,ok,2026-09-15T20:56:25,11,False,52768,Garnier,Garnier Bright Complete Face Wash 100 g,100 g,176,219,43,19.6,2,2,False,https://blinkit.com/prn/product/prid/52768
face wash,400001,ok,2026-09-15T20:56:25,12,False,544202,The Derma Co,The Derma Co Sali-Cinamide Anti-Acne Face Wash,80 ml,224,249,25,10.0,9,9,False,https://blinkit.com/prn/product/prid/544202
face wash,400001,ok,2026-09-15T20:56:25,13,True,664150,Minimalist,Minimalist Salicylic Acid + LHA 02% Face Cleanser,250 ml,599,599,0,0.0,1,1,False,https://blinkit.com/prn/product/prid/664150
face wash,400001,ok,2026-09-15T20:56:25,14,False,493520,Mamaearth,Mamaearth Vitamin C Daily Glow Face Wash,50 ml,119,125,6,4.8,3,3,False,https://blinkit.com/prn/product/prid/493520
face wash,400001,ok,2026-09-15T20:56:25,15,False,703070,Cetaphil,Cetaphil Gentle Exfoliating SA Cleanser,29 ml,99,99,0,0.0,4,4,False,https://blinkit.com/prn/product/prid/703070
face wash,400001,ok,2026-09-15T20:56:25,16,True,500363,Minimalist,Minimalist B12 + 6% Oat Extract Gentle Cleanser,120 ml,299,299,0,0.0,2,2,False,https://blinkit.com/prn/product/prid/500363
face wash,400001,ok,2026-09-15T20:56:25,17,False,496038,Cetaphil,Cetaphil Gentle Skin Cleanser,118 ml,404,459,55,12.0,5,5,False,https://blinkit.com/prn/product/prid/496038
face wash,400001,ok,2026-09-15T20:56:25,18,False,764569,Cetaphil,Cetaphil Gentle Skin Cleanser,59 ml,199,219,20,9.1,2,2,False,https://blinkit.com/prn/product/prid/764569
face wash,400001,ok,2026-09-15T20:56:25,19,True,538610,The Derma Co,The Derma Co 1% Salicylic Acid Face Wash,100 ml,296,329,33,10.0,5,5,False,https://blinkit.com/prn/product/prid/538610
face wash,400001,ok,2026-09-15T20:56:25,20,False,722970,Foxtale,Foxtale Oil & Acne Control Gel Face Wash,100 ml,225,249,24,9.6,3,3,False,https://blinkit.com/prn/product/prid/722970
face wash,400001,ok,2026-09-15T20:56:25,21,False,11484,Garnier Men,Garnier Men Acno Fight Anti-Pimple Face Wash 100 g,100 g,240,299,59,19.7,2,2,False,https://blinkit.com/prn/product/prid/11484
face wash,400001,ok,2026-09-15T20:56:25,22,True,679287,CeraVe,CeraVe Hydrating Non Foaming Face Cleanser for Normal to Dry Skin,88 ml,323,359,36,10.0,3,3,False,https://blinkit.com/prn/product/prid/679287
face wash,400001,ok,2026-09-15T20:56:25,23,False,313796,Cetaphil,Cetaphil Oily Skin Cleanser,118 ml,645,749,104,13.9,5,5,False,https://blinkit.com/prn/product/prid/313796
face wash,400001,ok,2026-09-15T20:56:25,24,False,35864,Garnier Men,Garnier Men Turbo Bright Anti-Pollution Double Action Face Wash 100 g,100 g,240,319,79,24.8,2,2,False,https://blinkit.com/prn/product/prid/35864
face wash,400001,ok,2026-09-15T20:56:25,25,True,695350,Garnier,Garnier Men Acno Fight Gentle Gel Cleanser,100 ml,225,299,74,24.7,2,2,False,https://blinkit.com/prn/product/prid/695350
face wash,400001,ok,2026-09-15T20:56:25,26,False,332025,Cetaphil,Cetaphil Gentle Skin Cleanser Face Wash,236 ml,695,799,104,13.0,5,5,False,https://blinkit.com/prn/product/prid/332025
face wash,400001,ok,2026-09-15T20:56:25,27,False,483116,Beardo,Beardo De-Tan Face Wash for Men,100 ml,240,299,59,19.7,6,6,False,https://blinkit.com/prn/product/prid/483116
face wash,400001,ok,2026-09-15T20:56:25,28,True,499592,Dot & Key,Dot & Key Watermelon Cooling Gel Face Wash,100 ml,215,249,34,13.7,1,1,False,https://blinkit.com/prn/product/prid/499592
face wash,400001,ok,2026-09-15T20:56:25,29,False,614094,Dermatouch,Dermatouch Bye Bye Pigmentation Face Wash,70 g,194,349,155,44.4,2,2,False,https://blinkit.com/prn/product/prid/614094
face wash,400001,ok,2026-09-15T20:56:25,30,False,614109,Dermatouch,Dermatouch Dailyglow Bright & Even Skin Tone Face Wash,70 g,189,279,90,32.3,4,4,False,https://blinkit.com/prn/product/prid/614109
face wash,400001,ok,2026-09-15T20:56:25,31,True,546153,Nat Habit,Nat Habit Detan Ubtan Face Wash,100 g,264,274,10,3.6,3,3,False,https://blinkit.com/prn/product/prid/546153
face wash,400001,ok,2026-09-15T20:56:25,32,False,507262,Mamaearth,Mamaearth Rice Water & Niacinamide Face Wash,100 ml,256,285,29,10.2,3,3,False,https://blinkit.com/prn/product/prid/507262
face wash,400001,ok,2026-09-15T20:56:25,33,False,23960,Nivea Men,Nivea Men All-In-1 Charcoal Face Wash 100 g,100 g,199,329,130,39.5,3,3,False,https://blinkit.com/prn/product/prid/23960
face wash,400001,ok,2026-09-15T20:56:25,34,True,663242,Garnier,Garnier Vitamin C 2-in-1 Serum Cleanser,100 g,204,239,35,14.6,2,2,False,https://blinkit.com/prn/product/prid/663242
face wash,400001,ok,2026-09-15T20:56:25,35,False,681097,Foxtale,Foxtale Vitamin C Super Glow Face Wash with Papaya Enzyme,100 ml,225,249,24,9.6,4,4,False,https://blinkit.com/prn/product/prid/681097
face wash,400001,ok,2026-09-15T20:56:25,36,False,544201,The Derma Co,The Derma Co 1% Kojic Acid Face Wash,100 ml,296,329,33,10.0,5,5,False,https://blinkit.com/prn/product/prid/544201
face wash,400001,ok,2026-09-15T20:56:25,37,True,702737,VLCC,VLCC Anti Tan Skin Lightening Face Wash,300 ml,299,299,0,0.0,3,3,False,https://blinkit.com/prn/product/prid/702737
face wash,400001,ok,2026-09-15T20:56:25,38,False,1023,Garnier Men,Garnier Men Clay D-Tox Deep Cleansing Icy Face Wash 100 g,100 g,240,299,59,19.7,3,3,False,https://blinkit.com/prn/product/prid/1023
face wash,400001,ok,2026-09-15T20:56:25,39,False,715621,The Derma Co,The Derma Co 2.5% Benzoyl Peroxide Gel Face Wash,100 ml,296,329,33,10.0,5,5,False,https://blinkit.com/prn/product/prid/715621
face wash,400001,ok,2026-09-15T20:56:25,40,True,775590,VLCC,VLCC Tan to Tango Skin Care Kit,1 set,400,449,49,10.9,3,3,False,https://blinkit.com/prn/product/prid/775590
face wash,400001,ok,2026-09-15T20:56:25,41,False,493519,Mamaearth,Mamaearth Ubtan Face Wash 50 ml,50 ml,125,125,0,0.0,5,5,False,https://blinkit.com/prn/product/prid/493519
face wash,400001,ok,2026-09-15T20:56:25,42,False,783504,Becalm,Becalm Airy Face Wash for Oily Skin,80 ml,297,349,52,14.9,1,1,False,https://blinkit.com/prn/product/prid/783504
face wash,400001,ok,2026-09-15T20:56:25,43,True,568780,Biotique,Biotique Fruit Brightening Face Wash,200 ml,148,400,252,63.0,2,2,False,https://blinkit.com/prn/product/prid/568780
face wash,400001,ok,2026-09-15T20:56:25,44,False,744378,Cetaphil,Cetaphil Oily Skin Face Cleanser,59 ml,348,389,41,10.5,5,5,False,https://blinkit.com/prn/product/prid/744378
face wash,400001,ok,2026-09-15T20:56:25,45,False,614196,Dermatouch,Dermatouch Salicylic Acid 2% Face Wash,100 ml,186,299,113,37.8,1,1,False,https://blinkit.com/prn/product/prid/614196
face wash,400001,ok,2026-09-15T20:56:25,46,True,760484,Foxtale,Foxtale Super Glow Face Wash,150 ml,290,329,39,11.9,2,2,False,https://blinkit.com/prn/product/prid/760484
face wash,400001,ok,2026-09-15T20:56:25,47,False,755320,CeraVe,CeraVe Blemish Control Cleanser,88 ml,538,599,61,10.2,2,2,False,https://blinkit.com/prn/product/prid/755320
face wash,400001,ok,2026-09-15T20:56:25,48,False,519029,Lacto Calamine,Lacto Calamine Face Wash for Oily Skin,100 ml,120,149,29,19.5,2,2,False,https://blinkit.com/prn/product/prid/519029
face wash,400001,ok,2026-09-15T20:56:25,49,True,748098,Bio Code,Bio Code Retinol & Peptide Complex Face Wash,150 ml,699,699,0,0.0,1,1,False,https://blinkit.com/prn/product/prid/748098
face wash,400001,ok,2026-09-15T20:56:25,50,False,525913,Pilgrim,Pilgrim Vitamin C Brightening Gel Face Wash,100 ml,225,250,25,10.0,2,2,False,https://blinkit.com/prn/product/prid/525913
face wash,400001,ok,2026-09-15T20:56:25,51,False,652404,Plix,Plix Jamun Active Acne Face Wash Cleanser,90 ml,230,235,5,2.1,2,2,False,https://blinkit.com/prn/product/prid/652404
face wash,400001,ok,2026-09-15T20:56:25,52,True,555323,Deconstruct,Deconstruct Salicylic Acid Oil Control Facewash,100 ml,276,299,23,7.7,1,1,False,https://blinkit.com/prn/product/prid/555323
face wash,400001,ok,2026-09-15T20:56:25,53,False,579753,Muuchstac,Muuchstac Ocean Face Wash for Men with Multi-Action Formula,100 ml,150,299,149,49.8,4,4,False,https://blinkit.com/prn/product/prid/579753
face wash,400001,ok,2026-09-15T20:56:25,54,False,458381,Pond's,Pond's Bright Beauty Spot-Less Glow Face Wash,150 g,292,389,97,24.9,1,1,False,https://blinkit.com/prn/product/prid/458381
face wash,400001,ok,2026-09-15T20:56:25,55,True,1386647,Deconstruct,Deconstruct Vitamin C Brightening Face Wash,100 ml,276,299,23,7.7,2,2,False,https://blinkit.com/prn/product/prid/1386647
face wash,400001,ok,2026-09-15T20:56:25,56,False,657660,Muuchstac,Muuchstac Ocean Men's Face Wash with Multi-Action Formula,2 x 100 ml,220,598,378,63.2,1,1,False,https://blinkit.com/prn/product/prid/657660
face wash,400001,ok,2026-09-15T20:56:25,57,False,568084,Pond's,Pond's DeTan Face Wash with Niacinamide & Vitamin C,100 g,204,240,36,15.0,3,3,False,https://blinkit.com/prn/product/prid/568084
face wash,400001,ok,2026-09-15T20:56:25,58,True,506655,The Face Shop,The Face Shop Rice Water Bright Foaming Cleanser,100 ml,594,625,31,5.0,2,2,False,https://blinkit.com/prn/product/prid/506655
face wash,400001,ok,2026-09-15T20:56:25,59,False,587076,Clean & Clear,Clean & Clear Vitamin C Face Wash,100 ml,206,219,13,5.9,4,4,False,https://blinkit.com/prn/product/prid/587076
face wash,400001,ok,2026-09-15T20:56:25,60,False,665632,Minimalist,Minimalist Aquaporin Booster 05% Cleanser,100 ml,299,299,0,0.0,3,3,False,https://blinkit.com/prn/product/prid/665632
protein bar,400001,ok,2026-09-15T20:56:38,1,True,475628,Yoga Bar,Yoga Bar Assorted Breakfast Protein Bar Pack,4 x 45 g + 2 x 50 g,229,299,70,23.4,3,3,False,https://blinkit.com/prn/product/prid/475628
protein bar,400001,ok,2026-09-15T20:56:38,2,False,347631,RiteBite,RiteBite Max Protein Daily Choco Almond 10 g Protein Bar,50 g,80,80,0,0.0,50,50,False,https://blinkit.com/prn/product/prid/347631
protein bar,400001,ok,2026-09-15T20:56:38,3,False,745421,Avvatar,Avvatar Chocolate Protein Wafer Bar,40 g,59,80,21,26.2,11,11,False,https://blinkit.com/prn/product/prid/745421
protein bar,400001,ok,2026-09-15T20:56:38,4,False,403262,RiteBite,RiteBite Max Protein Daily Choco Berry 10 g Protein Bar,50 g,80,80,0,0.0,23,23,False,https://blinkit.com/prn/product/prid/403262
protein bar,400001,ok,2026-09-15T20:56:38,5,True,537082,Yoga Bar,Yoga Bar Daily 10g Protein Bar Pack (Assorted),6 x 50 g,268,349,81,23.2,2,2,False,https://blinkit.com/prn/product/prid/537082
protein bar,400001,ok,2026-09-15T20:56:38,6,False,249288,Yoga Bar,Yoga Bar Chocolate Chunk Nut Multigrain Energy Bar,35 g,39,50,11,22.0,28,28,False,https://blinkit.com/prn/product/prid/249288
protein bar,400001,ok,2026-09-15T20:56:38,7,False,457042,The Whole Truth,The Whole Truth Double Cocoa Protein Bar,52 g,120,130,10,7.7,35,35,False,https://blinkit.com/prn/product/prid/457042
protein bar,400001,ok,2026-09-15T20:56:38,8,False,503417,The Whole Truth,The Whole Truth 20 g Protein Bar - Double Cocoa,67 g,178,199,21,10.6,18,18,False,https://blinkit.com/prn/product/prid/503417
protein bar,400001,ok,2026-09-15T20:56:38,9,True,628202,Yoga Bar,Yoga Bar Choco Peanut Butter Mini Protein Bar Pack,7 x 20 g,138,175,37,21.1,3,3,False,https://blinkit.com/prn/product/prid/628202
protein bar,400001,ok,2026-09-15T20:56:38,10,False,581442,SuperYou,SuperYou Chocolate Wafer Protein Bar,40 g,58,60,2,3.3,14,14,False,https://blinkit.com/prn/product/prid/581442
protein bar,400001,ok,2026-09-15T20:56:38,11,False,457044,The Whole Truth,The Whole Truth Almond Choco Fudge Energy Bar,40 g,83,85,2,2.4,18,18,False,https://blinkit.com/prn/product/prid/457044
protein bar,400001,ok,2026-09-15T20:56:38,12,False,483696,The Whole Truth,The Whole Truth Rich 71% Cocoa Bar,80 g,292,310,18,5.8,15,15,False,https://blinkit.com/prn/product/prid/483696
protein bar,400001,ok,2026-09-15T20:56:38,13,True,457039,The Whole Truth,The Whole Truth Coconut Cocoa Protein Bar,52 g,120,130,10,7.7,4,4,False,https://blinkit.com/prn/product/prid/457039
protein bar,400001,ok,2026-09-15T20:56:38,14,False,581440,SuperYou,SuperYou Strawberry Creme Wafer Protein Bar,40 g,58,60,2,3.3,15,15,False,https://blinkit.com/prn/product/prid/581440
protein bar,400001,ok,2026-09-15T20:56:38,15,False,787996,Yoga Bar,Yoga Bar Cookies & Cream 10g Protein Wafer Bar,40 g,56,60,4,6.7,9,9,False,https://blinkit.com/prn/product/prid/787996
protein bar,400001,ok,2026-09-15T20:56:38,16,False,735409,The Whole Truth,The Whole Truth Cranberry Raisin Protein Bar,52 g,132,175,43,24.6,6,6,False,https://blinkit.com/prn/product/prid/735409
protein bar,400001,ok,2026-09-15T20:56:38,17,True,759656,SuperYou,SuperYou 20g Nutty Chocolate Multigrain Wafer Bar,60 g,114,120,6,5.0,8,8,False,https://blinkit.com/prn/product/prid/759656
protein bar,400001,ok,2026-09-15T20:56:38,18,False,630527,The Whole Truth,The Whole Truth Protein Bar Hazelnut Cocoa,67 g,217,249,32,12.9,8,8,False,https://blinkit.com/prn/product/prid/630527
protein bar,400001,ok,2026-09-15T20:56:38,19,False,457040,The Whole Truth,The Whole Truth Coffee Cocoa Protein Bar,52 g,120,130,10,7.7,13,13,False,https://blinkit.com/prn/product/prid/457040
protein bar,400001,ok,2026-09-15T20:56:38,20,False,625853,Phab,Phab 11g Protein Chocolate Brownie Protein Bar,35 g,68,70,2,2.9,5,5,False,https://blinkit.com/prn/product/prid/625853
protein bar,400001,ok,2026-09-15T20:56:38,21,True,557651,RiteBite,RiteBite Max Protein Choco Berry 30 g Protein Bar,2 x 100 g,350,360,10,2.8,1,1,False,https://blinkit.com/prn/product/prid/557651
protein bar,400001,ok,2026-09-15T20:56:38,22,False,787991,Yoga Bar,Yoga Bar Dark Chocolate 10g Protein Wafer Bar,40 g,56,60,4,6.7,6,6,False,https://blinkit.com/prn/product/prid/787991
protein bar,400001,ok,2026-09-15T20:56:38,23,False,686923,Phab,Phab 10g Protein Cookies & Cream Millet Wafer Bar,40 g,57,70,13,18.6,5,5,False,https://blinkit.com/prn/product/prid/686923
protein bar,400001,ok,2026-09-15T20:56:38,24,False,735557,The Whole Truth,The Whole Truth Assorted Mini Protein Bar Pack (Date Sweetened),8 x 27 g,576,640,64,10.0,8,8,False,https://blinkit.com/prn/product/prid/735557
protein bar,400001,ok,2026-09-15T20:56:38,25,True,557643,RiteBite,RiteBite Max Protein Choco Almond 30 g Protein Bar,2 x 100 g,350,360,10,2.8,2,2,False,https://blinkit.com/prn/product/prid/557643
protein bar,400001,ok,2026-09-15T20:56:38,26,False,745118,Avvatar,Avvatar Tiramisu Protein Wafer Bar,42 g,59,80,21,26.2,4,4,False,https://blinkit.com/prn/product/prid/745118
protein bar,400001,ok,2026-09-15T20:56:38,27,False,498155,RiteBite,RiteBite Max Protein Daily 10 g Protein Bar Pack Box (Assorted),6 x 50 g,442,480,38,7.9,4,4,False,https://blinkit.com/prn/product/prid/498155
protein bar,400001,ok,2026-09-15T20:56:38,28,False,625868,Phab,Phab 21g Protein Chocolate Brownie Protein Bar,65 g,120,125,5,4.0,4,4,False,https://blinkit.com/prn/product/prid/625868
protein bar,400001,ok,2026-09-15T20:56:38,29,True,719409,SuperYou,SuperYou Assorted Wafer Protein Bar Pack,5 x 40 g,249,300,51,17.0,2,2,False,https://blinkit.com/prn/product/prid/719409
protein bar,400001,ok,2026-09-15T20:56:38,30,False,558095,The Whole Truth,The Whole Truth Almond Millet Cocoa Protein Bar,55 g,153,175,22,12.6,7,7,False,https://blinkit.com/prn/product/prid/558095
protein bar,400001,ok,2026-09-15T20:56:38,31,False,743760,Supply6,Supply6 Rich Chocolate Protein Wafer Bar,40 g,54,60,6,10.0,8,8,False,https://blinkit.com/prn/product/prid/743760
protein bar,400001,ok,2026-09-15T20:56:38,32,False,470477,Nature Valley,Nature Valley Crunchy Oats & Dark Chocolate Protein Bar Pack,5 x 42 g,316,375,59,15.7,2,2,False,https://blinkit.com/prn/product/prid/470477
protein bar,400001,ok,2026-09-15T20:56:38,33,True,403263,RiteBite,RiteBite Peanut Butter 4g Protein Bar,40 g,45,45,0,0.0,5,5,False,https://blinkit.com/prn/product/prid/403263
protein bar,400001,ok,2026-09-15T20:56:38,34,False,634100,Avolt,Avolt Mint Chocolate Chip 15g Protein Wafer Bar,50 g,60,100,40,40.0,1,1,False,https://blinkit.com/prn/product/prid/634100
protein bar,400001,ok,2026-09-15T20:56:38,35,False,581438,SuperYou,SuperYou Cheese Wafer Protein Bar,40 g,55,60,5,8.3,7,7,False,https://blinkit.com/prn/product/prid/581438
protein bar,400001,ok,2026-09-15T20:56:38,36,False,787997,Yoga Bar,Yoga Bar Strawberry Pop 10g Protein Wafer Bar,40 g,56,60,4,6.7,7,7,False,https://blinkit.com/prn/product/prid/787997
protein bar,400001,ok,2026-09-15T20:56:38,37,True,17336,RiteBite,RiteBite Choco Delite 4g Protein Bar,40 g,45,45,0,0.0,4,4,False,https://blinkit.com/prn/product/prid/17336
protein bar,400001,ok,2026-09-15T20:56:38,38,False,457043,The Whole Truth,The Whole Truth Peanut Butter Protein Bar,52 g,120,130,10,7.7,4,4,False,https://blinkit.com/prn/product/prid/457043
protein bar,400001,ok,2026-09-15T20:56:38,39,False,28376,RiteBite,RiteBite Max Protein Daily Choco Classic 10 g Protein Bar,50 g,80,80,0,0.0,5,5,False,https://blinkit.com/prn/product/prid/28376
protein bar,400001,ok,2026-09-15T20:56:38,40,False,745422,Avvatar,Avvatar Coffee Protein Wafer Bar,40 g,59,80,21,26.2,8,8,False,https://blinkit.com/prn/product/prid/745422
protein bar,400001,ok,2026-09-15T20:56:38,41,True,675618,Prolicious,Prolicious High Protein Choco Seeds & Nuts Protein Bar Combo,4 x 50 g,300,300,0,0.0,3,3,False,https://blinkit.com/prn/product/prid/675618
protein bar,400001,ok,2026-09-15T20:56:38,42,False,633493,EAT Anytime,EAT Anytime Hazelnuts Protein Balls,100 g,225,350,125,35.7,2,2,False,https://blinkit.com/prn/product/prid/633493
protein bar,400001,ok,2026-09-15T20:56:38,43,False,445479,The Whole Truth,The Whole Truth Peanut Cocoa Protein Bar,52 g,120,130,10,7.7,3,3,False,https://blinkit.com/prn/product/prid/445479
protein bar,400001,ok,2026-09-15T20:56:38,44,False,630455,RiteBite,RiteBite Max Protein Date & Almond 10 g Protein Bar,45 g,80,80,0,0.0,4,4,False,https://blinkit.com/prn/product/prid/630455
protein bar,400001,ok,2026-09-15T20:56:38,45,True,659450,Amul,Amul Mango Flavour Protein Kulfi Stick,4 x 60 ml,152,160,8,5.0,3,3,False,https://blinkit.com/prn/product/prid/659450
protein bar,400001,ok,2026-09-15T20:56:38,46,False,743758,Supply6,Supply6 Strawberry Crème Protein Wafer Bar,40 g,54,60,6,10.0,2,2,False,https://blinkit.com/prn/product/prid/743758
protein bar,400001,ok,2026-09-15T20:56:38,47,False,686885,Phab,Phab 10g Protein Chocolate Truffle Millet Protein Wafer Bar,40 g,67,70,3,4.3,3,3,False,https://blinkit.com/prn/product/prid/686885
protein bar,400001,ok,2026-09-15T20:56:38,48,False,624551,SuperYou,SuperYou Coffee Protein Wafer Bar,40 g,58,60,2,3.3,4,4,False,https://blinkit.com/prn/product/prid/624551
protein bar,400001,ok,2026-09-15T20:56:38,49,True,761260,Amul,Amul Protein Cola Ice Cream Stick,4 x 60 ml,196,200,4,2.0,4,4,False,https://blinkit.com/prn/product/prid/761260
protein bar,400001,ok,2026-09-15T20:56:38,50,False,530742,Yoga Bar,Yoga Bar 10 g Dark Chocolate & Cranberry Protein Bar,50 g,65,65,0,0.0,5,5,False,https://blinkit.com/prn/product/prid/530742
protein bar,400001,ok,2026-09-15T20:56:38,51,False,625462,Avolt,Avolt Slims Chocolate Peanut Butter 10g Protein Wafer Bar,35 g,39,50,11,22.0,4,4,False,https://blinkit.com/prn/product/prid/625462
protein bar,400001,ok,2026-09-15T20:56:38,52,False,745110,Avvatar,Avvatar Cheese Protein Wafer Bar,40 g,59,80,21,26.2,3,3,False,https://blinkit.com/prn/product/prid/745110
protein bar,400001,ok,2026-09-15T20:56:38,53,True,675998,Amul,Amul Protein Chocolate Ice Cream Stick,4 x 60 ml,160,160,0,0.0,2,2,False,https://blinkit.com/prn/product/prid/675998
protein bar,400001,ok,2026-09-15T20:56:38,54,False,712301,Green Protein,Green Protein Crave Assorted Mini Protein Bar,16 x 20 g,1197,1379,182,13.2,4,4,False,https://blinkit.com/prn/product/prid/712301
protein bar,400001,ok,2026-09-15T20:56:38,55,False,791503,Supply6,Supply6 Cookie & Cream Wafer Protein Bar,40 g,54,60,6,10.0,2,2,False,https://blinkit.com/prn/product/prid/791503
protein bar,400001,ok,2026-09-15T20:56:38,56,False,711067,SuperYou,Superyou Mini Protein Wafer Bars Assorted,10 x 20 g,275,300,25,8.3,3,3,False,https://blinkit.com/prn/product/prid/711067
protein bar,400001,ok,2026-09-15T20:56:38,57,True,768347,Green Protein,Green Protein Coffee Almond Crave Protein Bar,50 g,143,179,36,20.1,3,3,False,https://blinkit.com/prn/product/prid/768347
protein bar,400001,ok,2026-09-15T20:56:38,58,False,625533,Avolt,Avolt Birthday Cake 15g Protein Wafer Bar,50 g,60,100,40,40.0,1,1,False,https://blinkit.com/prn/product/prid/625533
protein bar,400001,ok,2026-09-15T20:56:38,59,False,806740,Stroom,Stroom Choco Almond Bliss 10g Protein Bar,45 g,64,80,16,20.0,2,2,False,https://blinkit.com/prn/product/prid/806740
protein bar,400001,ok,2026-09-15T20:56:38,60,False,593840,Green Protein,Green Protein Crave Protein Bar,4 x 50 g,627,734,107,14.6,4,4,False,https://blinkit.com/prn/product/prid/593840
oats,400001,ok,2026-09-15T20:56:51,1,True,765244,Yu,Yu High Protein Super Rolled Oats,400 g,91,180,89,49.4,2,2,False,https://blinkit.com/prn/product/prid/765244
oats,400001,ok,2026-09-15T20:56:51,2,False,37264,Quaker,Quaker Rolled Instant Oats,400 g,86,86,0,0.0,7,7,False,https://blinkit.com/prn/product/prid/37264
oats,400001,ok,2026-09-15T20:56:51,3,False,487800,Saffola,Saffola Classic-Masala Oats - Pack of 4,4 x 38 g,76,80,4,5.0,2,2,False,https://blinkit.com/prn/product/prid/487800
oats,400001,ok,2026-09-15T20:56:51,4,False,563346,Pintola,Pintola High Protein Oats (Chocolate),1 kg,550,620,70,11.3,7,7,False,https://blinkit.com/prn/product/prid/563346
oats,400001,ok,2026-09-15T20:56:51,5,True,546488,Yoga Bar,Yoga Bar 26g High Protein Oats (Dark Chocolate),250 g,139,200,61,30.5,1,1,False,https://blinkit.com/prn/product/prid/546488
oats,400001,ok,2026-09-15T20:56:51,6,False,720380,Yoga Bar,Yoga Bar Protein Oats - Dark Chocolate,1 kg,439,490,51,10.4,9,9,False,https://blinkit.com/prn/product/prid/720380
oats,400001,ok,2026-09-15T20:56:51,7,False,582201,Bagrry's,Bagrry's Jumbo Rolled Oats,1 kg,232,430,198,46.0,5,5,False,https://blinkit.com/prn/product/prid/582201
oats,400001,ok,2026-09-15T20:56:51,8,False,499414,Manna,Manna Whole Grain Rolled Oats,1 kg,196,279,83,29.7,1,1,False,https://blinkit.com/prn/product/prid/499414
oats,400001,ok,2026-09-15T20:56:51,9,True,782872,Yoga Bar,"Yoga Bar Protein Oats (Fruits, Nuts & Seeds)",1 kg,439,490,51,10.4,2,2,False,https://blinkit.com/prn/product/prid/782872
oats,400001,ok,2026-09-15T20:56:51,10,False,473035,True Elements,True Elements Wholegrain Rolled Oats,500 g,134,200,66,33.0,1,1,False,https://blinkit.com/prn/product/prid/473035
oats,400001,ok,2026-09-15T20:56:51,11,False,617564,Alpino,Alpino High Protein Oats Chocolate,400 g,222,249,27,10.8,2,2,False,https://blinkit.com/prn/product/prid/617564
oats,400001,ok,2026-09-15T20:56:51,12,False,1388728,GOAT Life,GOAT Life High Protein Overnight Instant Oats Brownie Fudge,75 g,139,139,0,0.0,3,3,False,https://blinkit.com/prn/product/prid/1388728
oats,400001,ok,2026-09-15T20:56:51,13,True,733340,Alpino,Alpino High Protein Classic Coffee Super Oats,1 kg,480,539,59,10.9,1,1,False,https://blinkit.com/prn/product/prid/733340
oats,400001,ok,2026-09-15T20:56:51,14,False,491829,MuscleBlaze,MuscleBlaze High Protein Oats (Dark Chocolate Flavour),1 kg,599,699,100,14.3,2,2,False,https://blinkit.com/prn/product/prid/491829
oats,400001,ok,2026-09-15T20:56:51,15,False,729708,GOAT Life,GOAT Life High Protein Overnight Instant Oats Choco-Nut Crunch - Pack of 2,2 x 75 g,233,278,45,16.2,2,2,False,https://blinkit.com/prn/product/prid/729708
oats,400001,ok,2026-09-15T20:56:51,16,False,28297,Quaker,Quaker Multigrain Rolled Oats Breakfast Cereal,600 g,157,192,35,18.2,2,2,False,https://blinkit.com/prn/product/prid/28297
oats,400001,ok,2026-09-15T20:56:51,17,True,689190,GOAT Life,GOAT Life High Protein Overnight Instant Oats Mango Madness,75 g,119,139,20,14.4,2,2,False,https://blinkit.com/prn/product/prid/689190
oats,400001,ok,2026-09-15T20:56:51,18,False,716413,Doctor's Choice,Doctor's Choice High Protein Oats - Dark Choco Berry,750 g,599,698,99,14.2,1,1,False,https://blinkit.com/prn/product/prid/716413
oats,400001,ok,2026-09-15T20:56:51,19,False,733341,Alpino,Alpino High Protein Dark Chocolate Oats,1 kg,520,649,129,19.9,1,1,False,https://blinkit.com/prn/product/prid/733341
oats,400001,ok,2026-09-15T20:56:51,20,False,659903,Saffola,Saffola Classic Masala Instant Oats,225 g,100,170,70,41.2,4,4,False,https://blinkit.com/prn/product/prid/659903
oats,400001,ok,2026-09-15T20:56:51,21,True,804662,Tata Soulfull,Tata Soulfull No Cook Millet Hi Protein Oats Berry Chia,375 g,246,310,64,20.6,1,1,False,https://blinkit.com/prn/product/prid/804662
oats,400001,ok,2026-09-15T20:56:51,22,False,24626,Saffola,Saffola Oats Soft & Creamy Instant Rolled Oats,460 g,90,100,10,10.0,3,3,False,https://blinkit.com/prn/product/prid/24626
oats,400001,ok,2026-09-15T20:56:51,23,False,729707,GOAT Life,GOAT Life High Protein Overnight Instant Oats Mocha Marvel - Pack of 2,2 x 75 g,233,278,45,16.2,1,1,False,https://blinkit.com/prn/product/prid/729707
oats,400001,ok,2026-09-15T20:56:51,24,False,391003,Saffola,Saffola Classic Masala Oats,550 g,232,260,28,10.8,3,3,False,https://blinkit.com/prn/product/prid/391003
oats,400001,ok,2026-09-15T20:56:51,25,True,725921,Yu,Yu Whole Wheat Roasted Vermicelli,400 g,69,120,51,42.5,1,1,False,https://blinkit.com/prn/product/prid/725921
oats,400001,ok,2026-09-15T20:56:51,26,False,571161,Saffola,Saffola Oats Soft & Creamy Instant Rolled Oats,1 kg,160,205,45,22.0,2,2,False,https://blinkit.com/prn/product/prid/571161
oats,400001,ok,2026-09-15T20:56:51,27,False,617777,Alpino,Alpino High Protein Oats Chocolate 1 kg,1 kg,489,549,60,10.9,1,1,False,https://blinkit.com/prn/product/prid/617777
oats,400001,ok,2026-09-15T20:56:51,28,False,395937,Saffola,Saffola Classic-Masala Oats x 2 +  Masala Veggie Twist Oats x 2 Combo,2 x 38 g + 2 x 38 g,76,80,4,5.0,2,2,False,https://blinkit.com/prn/product/prid/395937
oats,400001,ok,2026-09-15T20:56:51,29,True,802117,Tata Soulfull,Tata Soulfull No Cook Hi Protein Oats Dark Cocoa & Almond,375 g,246,310,64,20.6,1,1,False,https://blinkit.com/prn/product/prid/802117
oats,400001,ok,2026-09-15T20:56:51,30,False,691765,GOAT Life,GOAT Life High Protein Overnight Instant Oats Almond Kulfi,75 g,109,139,30,21.6,1,1,False,https://blinkit.com/prn/product/prid/691765
oats,400001,ok,2026-09-15T20:56:51,31,False,24097,Bagrry's,Bagrry's White Instant Oats,1 kg,166,220,54,24.5,2,2,False,https://blinkit.com/prn/product/prid/24097
oats,400001,ok,2026-09-15T20:56:51,32,False,149,Saffola,Saffola Masala Veggie Twist Oats,38 g,20,20,0,0.0,5,5,False,https://blinkit.com/prn/product/prid/149
oats,400001,ok,2026-09-15T20:56:51,33,True,609571,Farmley,"Farmley Natural Quinoa High Protein, Dietary Fiber & Gluten-Free Superfood",1 kg,271,399,128,32.1,2,2,False,https://blinkit.com/prn/product/prid/609571
oats,400001,ok,2026-09-15T20:56:51,34,False,719322,Saffola,Saffola Soft & Creamy Rolled Oats,1 kg,231,299,68,22.7,1,1,False,https://blinkit.com/prn/product/prid/719322
oats,400001,ok,2026-09-15T20:56:51,35,False,751655,Saffola,Saffola Hi- Protein Oats,1 kg,530,599,69,11.5,1,1,False,https://blinkit.com/prn/product/prid/751655
oats,400001,ok,2026-09-15T20:56:51,36,False,802277,Tata Soulfull,Tata Soulfull Hi Protein Oats Combo Pack,6 x 35 g,141,170,29,17.1,1,1,False,https://blinkit.com/prn/product/prid/802277
oats,400001,ok,2026-09-15T20:56:51,37,False,487103,Tata Soulfull,"Tata Soulfull Mast Masala Oats With 25% Millets, Non sticky",500 g,185,249,64,25.7,1,1,False,https://blinkit.com/prn/product/prid/487103
oats,400001,ok,2026-09-15T20:56:51,38,False,593719,Saffola,Saffola Classic Masala Flavoured Oats,750 g,255,355,100,28.2,1,1,False,https://blinkit.com/prn/product/prid/593719
oats,400001,ok,2026-09-15T20:56:51,39,False,446214,Yoga Bar,Yoga Bar Dark Chocolate Oats (Gluten Free),400 g,198,220,22,10.0,2,2,False,https://blinkit.com/prn/product/prid/446214
oats,400001,ok,2026-09-15T20:56:51,40,False,42120,Bagrry's,Bagrry's 100% Whole Grain Oats Flour / Atta,500 g,149,149,0,0.0,1,1,False,https://blinkit.com/prn/product/prid/42120
oats,400001,ok,2026-09-15T20:56:51,41,False,772281,Pintola,Pintola High Protein Magic Masala Oats,400 g,216,239,23,9.6,1,1,False,https://blinkit.com/prn/product/prid/772281
oats,400001,ok,2026-09-15T20:56:51,42,False,1388742,True Elements,True Elements Dark Chocolate High Protein Oats,400 g,279,299,20,6.7,1,1,False,https://blinkit.com/prn/product/prid/1388742
oats,400001,ok,2026-09-15T20:56:51,43,False,786226,Doctor's Choice,Doctor's Choice High Protein Flavoured Oats (Dark Choco Berry),2 kg,1299,1399,100,7.1,2,2,False,https://blinkit.com/prn/product/prid/786226
oats,400001,ok,2026-09-15T20:56:51,44,False,776774,Pintola,Pintola Masala High Protein Oats,3 x 35 g,79,90,11,12.2,3,3,False,https://blinkit.com/prn/product/prid/776774
oats,400001,ok,2026-09-15T20:56:51,45,False,1394686,Yoga Bar,Yoga Bar High Protein Oats (Mum's Masala),3 x 40 g,69,105,36,34.3,1,1,False,https://blinkit.com/prn/product/prid/1394686
oats,400001,ok,2026-09-15T20:56:51,46,False,659913,Saffola,Saffola Masala Instant Oats Veggie Twist,750 g,255,355,100,28.2,2,2,False,https://blinkit.com/prn/product/prid/659913
oats,400001,ok,2026-09-15T20:56:51,47,False,720382,Yoga Bar,Yoga Bar Protein Oats - Filter Kappi,1 kg,439,490,51,10.4,2,2,False,https://blinkit.com/prn/product/prid/720382
oats,400001,ok,2026-09-15T20:56:51,48,False,722474,True Elements,True Elements Berried in Bliss Overnight Oats,62 g,72,80,8,10.0,2,2,False,https://blinkit.com/prn/product/prid/722474
oats,400001,ok,2026-09-15T20:56:51,49,False,722454,True Elements,True Elements ChocoBae Overnight Oats,62 g,72,80,8,10.0,2,2,False,https://blinkit.com/prn/product/prid/722454
oats,400001,ok,2026-09-15T20:56:51,50,False,737906,Saffola,Saffola Veggie Twist Masala Oats,225 g,100,170,70,41.2,2,2,False,https://blinkit.com/prn/product/prid/737906
oats,400001,ok,2026-09-15T20:56:51,51,False,10689,Kellogg's,Kellogg's Oats,900 g,165,199,34,17.1,1,1,False,https://blinkit.com/prn/product/prid/10689
oats,400001,ok,2026-09-15T20:56:51,52,False,794450,Rosier,Rosier Double Chocolate High Protein Oats,77 g,97,100,3,3.0,1,1,False,https://blinkit.com/prn/product/prid/794450
oats,400001,ok,2026-09-15T20:56:51,53,False,390998,Saffola,Saffola Masala Veggie Twist Oats,550 g,227,255,28,11.0,1,1,False,https://blinkit.com/prn/product/prid/390998
oats,400001,ok,2026-09-15T20:56:51,54,False,769671,Sundrop,Sundrop Heart Plain Rolled Oats,1 kg,145,149,4,2.7,1,1,False,https://blinkit.com/prn/product/prid/769671
oats,400001,ok,2026-09-15T20:56:51,55,False,390999,Saffola,Saffola Masala Peppy Tomato Oats,550 g,232,260,28,10.8,1,1,False,https://blinkit.com/prn/product/prid/390999
oats,400001,ok,2026-09-15T20:56:51,56,False,768180,Sundrop,Sundrop Heart Masala Oats with Millets,500 g,165,195,30,15.4,1,1,False,https://blinkit.com/prn/product/prid/768180
oats,400001,ok,2026-09-15T20:56:51,57,False,499418,Manna,Manna Instant Oats,1 kg,157,299,142,47.5,1,1,False,https://blinkit.com/prn/product/prid/499418
oats,400001,ok,2026-09-15T20:56:51,58,False,440132,Disano,Disano Whole Grain Instant Oats,1 kg,285,285,0,0.0,1,1,False,https://blinkit.com/prn/product/prid/440132
oats,400001,ok,2026-09-15T20:56:51,59,False,487104,Tata Soulfull,"Tata Soulfull Desi Veggie Masala Oats With 25% Millets, Non Sticky",500 g,185,249,64,25.7,1,1,False,https://blinkit.com/prn/product/prid/487104
oats,400001,ok,2026-09-15T20:56:51,60,False,539899,Yoga Bar,Yoga Bar Wholegrain Instant Oats,1 kg,163,299,136,45.5,1,1,False,https://blinkit.com/prn/product/prid/539899
peanut butter,122001,ok,2026-09-15T20:57:05,1,True,531918,Dr. Oetker,Dr. Oetker FunFoods Crunchy Peanut Butter,750 g,189,199,10,5.0,1,1,False,https://blinkit.com/prn/product/prid/531918
peanut butter,122001,ok,2026-09-15T20:57:05,2,False,484008,MyFitness,MyFitness High Protein Chocolate Crunchy Peanut Butter Spread,510 g,281,319,38,11.9,8,8,False,https://blinkit.com/prn/product/prid/484008
peanut butter,122001,ok,2026-09-15T20:57:05,3,False,425544,Pintola,Pintola All Natural Crunchy Peanut Butter (Unsweetened),350 g,156,170,14,8.2,3,3,False,https://blinkit.com/prn/product/prid/425544
peanut butter,122001,ok,2026-09-15T20:57:05,4,False,497915,MyFitness,MyFitness High Protein Chocolate Crunchy Peanut Butter Spread (227 g),227 g,148,159,11,6.9,4,4,False,https://blinkit.com/prn/product/prid/497915
peanut butter,122001,ok,2026-09-15T20:57:05,5,True,782395,Disano,Disano Unsweetened Crunchy Peanut Butter,1 kg,249,500,251,50.2,2,2,False,https://blinkit.com/prn/product/prid/782395
peanut butter,122001,ok,2026-09-15T20:57:05,6,False,444833,Pintola,Pintola Dark Chocolate Crunchy Peanut Butter,350 g,168,180,12,6.7,2,2,False,https://blinkit.com/prn/product/prid/444833
peanut butter,122001,ok,2026-09-15T20:57:05,7,False,444825,MyFitness,MyFitness High Protein Chocolate Peanut Butter Smooth Spread,510 g,281,319,38,11.9,5,5,False,https://blinkit.com/prn/product/prid/444825
peanut butter,122001,ok,2026-09-15T20:57:05,8,False,525708,Pintola,Pintola High Protein Dark Chocolate Crunchy Peanut Butter,510 g,349,375,26,6.9,2,2,False,https://blinkit.com/prn/product/prid/525708
peanut butter,122001,ok,2026-09-15T20:57:05,9,True,782392,Disano,Disano Chocolate Creamy Peanut Butter,350 g,79,250,171,68.4,1,1,False,https://blinkit.com/prn/product/prid/782392
peanut butter,122001,ok,2026-09-15T20:57:05,10,False,563386,Pintola,Pintola High Protein Jaggery Crunchy Peanut Butter,510 g,349,375,26,6.9,3,3,False,https://blinkit.com/prn/product/prid/563386
peanut butter,122001,ok,2026-09-15T20:57:05,11,False,749183,MyFitness,MyFitness Chocolate Crunchy Peanut Butter,900 g,440,499,59,11.8,4,4,False,https://blinkit.com/prn/product/prid/749183
peanut butter,122001,ok,2026-09-15T20:57:05,12,False,498013,Pintola,Pintola Dark Chocolate Creamy Peanut Butter,1 kg,443,475,32,6.7,2,2,False,https://blinkit.com/prn/product/prid/498013
peanut butter,122001,ok,2026-09-15T20:57:05,13,True,480293,Amul,Amul Creamy Spread Peanut Butter,300 g,100,110,10,9.1,1,1,False,https://blinkit.com/prn/product/prid/480293
peanut butter,122001,ok,2026-09-15T20:57:05,14,False,443298,Pintola,Pintola All Natural Creamy Peanut Butter (Unsweetened),1 kg,389,430,41,9.5,1,1,False,https://blinkit.com/prn/product/prid/443298
peanut butter,122001,ok,2026-09-15T20:57:05,15,False,498024,Pintola,Pintola Dark Chocolate Creamy Peanut Butter (High Protein),510 g,349,375,26,6.9,2,2,False,https://blinkit.com/prn/product/prid/498024
peanut butter,122001,ok,2026-09-15T20:57:05,16,False,782393,Disano,Disano Chocolate Crunchy Peanut Butter,350 g,79,250,171,68.4,3,3,False,https://blinkit.com/prn/product/prid/782393
peanut butter,122001,ok,2026-09-15T20:57:05,17,True,705058,Alpino,Alpino Crunchy Peanut Butter,400 g,165,189,24,12.7,2,2,False,https://blinkit.com/prn/product/prid/705058
peanut butter,122001,ok,2026-09-15T20:57:05,18,False,661915,HEEVA,HEEVA Crunchy Peanut Butter,1 kg,219,299,80,26.8,1,1,False,https://blinkit.com/prn/product/prid/661915
peanut butter,122001,ok,2026-09-15T20:57:05,19,False,481211,The Whole Truth,The Whole Truth Crunchy Unsweetened Peanut Butter,325 g,194,210,16,7.6,3,3,False,https://blinkit.com/prn/product/prid/481211
peanut butter,122001,ok,2026-09-15T20:57:05,20,False,660652,BeastLife,BeastLife Nuttin' Chocolate Crunchy Peanut Butter,350 g,218,310,92,29.7,4,4,False,https://blinkit.com/prn/product/prid/660652
peanut butter,122001,ok,2026-09-15T20:57:05,21,False,482948,MyFitness,MyFitness High Protein Chocolate Peanut Butter Crispy Spread,510 g,278,319,41,12.9,2,2,False,https://blinkit.com/prn/product/prid/482948
peanut butter,122001,ok,2026-09-15T20:57:05,22,False,783194,Kashmir Premium Harvest,Kashmir Premium Harvest Crunchy Almond Butter,200 g,494,799,305,38.2,2,2,False,https://blinkit.com/prn/product/prid/783194
peanut butter,122001,ok,2026-09-15T20:57:05,23,False,497914,MyFitness,MyFitness High Protein Chocolate Peanut Butter Smooth Spread (227 g),227 g,148,159,11,6.9,2,2,False,https://blinkit.com/prn/product/prid/497914
peanut butter,122001,ok,2026-09-15T20:57:05,24,False,750151,MyFitness,MyFitness Chocolate Creamy Peanut Butter,900 g,440,499,59,11.8,1,1,False,https://blinkit.com/prn/product/prid/750151
peanut butter,122001,ok,2026-09-15T20:57:05,25,False,42804,Skippy,Skippy Creamy Peanut Butter,462 g,389,575,186,32.3,1,1,False,https://blinkit.com/prn/product/prid/42804
peanut butter,122001,ok,2026-09-15T20:57:05,26,False,782394,Disano,Disano Crunchy Peanut Butter - Chocolate,924 g,275,550,275,50.0,1,1,False,https://blinkit.com/prn/product/prid/782394
peanut butter,122001,ok,2026-09-15T20:57:05,27,False,166,Sundrop,Sundrop Creamy Peanut Butter,462 g,144,149,5,3.4,2,2,False,https://blinkit.com/prn/product/prid/166
peanut butter,122001,ok,2026-09-15T20:57:05,28,False,1377916,Sundrop,Sundrop Crunchy Peanut Butter with Honey,300 g,99,99,0,0.0,2,2,False,https://blinkit.com/prn/product/prid/1377916
peanut butter,122001,ok,2026-09-15T20:57:05,29,False,444823,MyFitness,MyFitness Original Peanut Butter Smooth Spread,510 g,281,319,38,11.9,3,3,False,https://blinkit.com/prn/product/prid/444823
peanut butter,122001,ok,2026-09-15T20:57:05,30,False,544037,Pintola,Pintola Unsweetened Creamy Almond Butter,200 g,369,398,29,7.3,1,1,False,https://blinkit.com/prn/product/prid/544037
peanut butter,122001,ok,2026-09-15T20:57:05,31,False,779987,Potencia,Potencia Mawa Kulfi Peanut Butter,500 g,209,469,260,55.4,3,3,False,https://blinkit.com/prn/product/prid/779987
peanut butter,122001,ok,2026-09-15T20:57:05,32,False,15351,Sundrop,Sundrop Regular Crunchy Peanut Butter,462 g,138,149,11,7.4,2,2,False,https://blinkit.com/prn/product/prid/15351
peanut butter,122001,ok,2026-09-15T20:57:05,33,False,613578,Jus'Amazin,Jus'Amazin Creamy Unsweetened Almond Butter,200 g,399,420,21,5.0,2,2,False,https://blinkit.com/prn/product/prid/613578
peanut butter,122001,ok,2026-09-15T20:57:05,34,False,444826,Pintola,Pintola All Natural Crunchy Almond Butter,200 g,369,398,29,7.3,1,1,False,https://blinkit.com/prn/product/prid/444826
peanut butter,122001,ok,2026-09-15T20:57:05,35,False,562029,Sundrop,Sundrop Peanut Butter with Grape Jelly,340 g,125,150,25,16.7,1,1,False,https://blinkit.com/prn/product/prid/562029
peanut butter,122001,ok,2026-09-15T20:57:05,36,False,482801,Kissan,Kissan Crunchy Peanut Butter,350 g,150,175,25,14.3,1,1,False,https://blinkit.com/prn/product/prid/482801
peanut butter,122001,ok,2026-09-15T20:57:05,37,False,521550,The Whole Truth,The Whole Truth Unsweetened & Crunchy Peanut Butter,925 g,504,560,56,10.0,2,2,False,https://blinkit.com/prn/product/prid/521550
peanut butter,122001,ok,2026-09-15T20:57:05,38,False,767719,Sundrop,Sundrop Chocolate Crunchy Peanut Butter,500 g,149,199,50,25.1,1,1,False,https://blinkit.com/prn/product/prid/767719
peanut butter,122001,ok,2026-09-15T20:57:05,39,False,440222,Dr. Oetker,Dr. Oetker FunFoods Creamy Peanut Butter,375 g,129,129,0,0.0,1,1,False,https://blinkit.com/prn/product/prid/440222
peanut butter,122001,ok,2026-09-15T20:57:05,40,False,600539,BeastLife,BeastLife Nuttin Crunchy Peanut Butter,800 g,398,514,116,22.6,1,1,False,https://blinkit.com/prn/product/prid/600539
peanut butter,122001,ok,2026-09-15T20:57:05,41,False,668625,Fitfeast,Fitfeast White Chocolate Peanut Butter,400 g,290,359,69,19.2,1,1,False,https://blinkit.com/prn/product/prid/668625
peanut butter,122001,ok,2026-09-15T20:57:05,42,False,692935,Greenkarmas,Greenkarmas Dark Chocolate Peanut Butter,200 g,399,549,150,27.3,2,2,False,https://blinkit.com/prn/product/prid/692935
peanut butter,122001,ok,2026-09-15T20:57:05,43,False,716466,Doctor's Choice,Doctor's Choice High Protein Crunchy Peanut Butter,350 g,349,449,100,22.3,1,1,False,https://blinkit.com/prn/product/prid/716466
peanut butter,122001,ok,2026-09-15T20:57:05,44,False,803265,Bread'sMate,Bread'sMate Natural Crunchy Peanut Butter,400 g,229,265,36,13.6,1,1,False,https://blinkit.com/prn/product/prid/803265
peanut butter,122001,ok,2026-09-15T20:57:05,45,False,716465,Doctor's Choice,Doctor's Choice High Protein Creamy Peanut Butter,350 g,349,449,100,22.3,1,1,False,https://blinkit.com/prn/product/prid/716465
peanut butter,122001,ok,2026-09-15T20:57:05,46,False,720192,BeastLife,BeastLife Crunchy Coffee Peanut Butter,800 g,398,649,251,38.7,2,2,False,https://blinkit.com/prn/product/prid/720192
peanut butter,122001,ok,2026-09-15T20:57:05,47,False,669776,Fitfeast,Fitfeast Cookie Fudge Crunchy Peanut Butter,400 g,290,359,69,19.2,2,2,False,https://blinkit.com/prn/product/prid/669776
peanut butter,122001,ok,2026-09-15T20:57:05,48,False,669787,Fitfeast,Fitfeast Belgian Chocolate Creamy Peanut Butter,400 g,279,399,120,30.1,1,1,False,https://blinkit.com/prn/product/prid/669787
peanut butter,122001,ok,2026-09-15T20:57:05,49,False,722516,Agranik,Agranik High-Protein Choco Crunchy Peanut Butter,340 g,169,399,230,57.6,2,2,False,https://blinkit.com/prn/product/prid/722516
peanut butter,122001,ok,2026-09-15T20:57:05,50,False,675190,I'MWow,I'MWow Creamy Peanut Butter,1 kg,349,499,150,30.1,1,1,False,https://blinkit.com/prn/product/prid/675190
peanut butter,122001,ok,2026-09-15T20:57:05,51,False,600824,Shrego,Shrego Dark Roasted Whole Unsalted Peanuts,360 g,189,200,11,5.5,6,6,False,https://blinkit.com/prn/product/prid/600824
peanut butter,122001,ok,2026-09-15T20:57:05,52,False,766770,Fitfeast,Fitfeast Ultimate Protein Bar & Snacks Combo,1 pack,899,1335,436,32.7,2,2,False,https://blinkit.com/prn/product/prid/766770
peanut butter,122001,ok,2026-09-15T20:57:05,53,False,563346,Pintola,Pintola High Protein Oats (Chocolate),1 kg,550,620,70,11.3,8,8,False,https://blinkit.com/prn/product/prid/563346
peanut butter,122001,ok,2026-09-15T20:57:05,54,False,662333,Pintola,Pintola 25g High Protein Muesli Dark Chocolate & Cranberry,400 g,286,325,39,12.0,11,11,False,https://blinkit.com/prn/product/prid/662333
dog food,122001,ok,2026-09-15T20:57:30,1,True,660203,Benny's Bowl,Benny's Bowl Fresh Dog Food (Chicken & Rice),5 x 300 g,899,1075,176,16.4,1,1,False,https://blinkit.com/prn/product/prid/660203
dog food,122001,ok,2026-09-15T20:57:30,2,False,555458,Pedigree,"Pedigree Adult Wet Dog Food, Chicken & Liver Chunks in Gravy",130 g,70,70,0,0.0,4,4,False,https://blinkit.com/prn/product/prid/555458
dog food,122001,ok,2026-09-15T20:57:30,3,False,761410,HUFT,HUFT Sara's Wholesome Classic Chicken & Brown Rice Fresh Dog Food,10 x 100 g,793,990,197,19.9,3,3,False,https://blinkit.com/prn/product/prid/761410
dog food,122001,ok,2026-09-15T20:57:30,4,False,555651,Drools,Drools Chicken Chunks in Gravy Adult Wet Dog Food,6 x 150 g,225,250,25,10.0,1,1,False,https://blinkit.com/prn/product/prid/555651
dog food,122001,ok,2026-09-15T20:57:30,5,True,653224,Benny's Bowl,Benny's Bowl Lamb & French Beans Wet Fresh Dog Food,5 x 100 g,449,625,176,28.2,1,1,False,https://blinkit.com/prn/product/prid/653224
dog food,122001,ok,2026-09-15T20:57:30,6,False,135584,Pedigree,Pedigree Adult Wet Dog Food -Chicken & Liver Chunks in Gravy flavour,70 g,50,50,0,0.0,11,11,False,https://blinkit.com/prn/product/prid/135584
dog food,122001,ok,2026-09-15T20:57:30,7,False,555646,Drools,Drools Chicken Liver Wet Puppy Food,6 x 150 g,225,250,25,10.0,2,2,False,https://blinkit.com/prn/product/prid/555646
dog food,122001,ok,2026-09-15T20:57:30,8,False,570482,Drools,Drools Optimum Performance Adult Dry Dog Food (Chicken),10 kg,1289,1599,310,19.4,7,7,False,https://blinkit.com/prn/product/prid/570482
dog food,122001,ok,2026-09-15T20:57:30,9,True,639721,Benny's Bowl,Benny's Bowl Fresh Dog Food (Chicken & Pumpkin),5 x 300 g,999,1500,501,33.4,2,2,False,https://blinkit.com/prn/product/prid/639721
dog food,122001,ok,2026-09-15T20:57:30,10,False,112438,Drools,Drools Chicken & Egg Dry Puppy Food,1.2 kg,279,299,20,6.7,11,11,False,https://blinkit.com/prn/product/prid/112438
dog food,122001,ok,2026-09-15T20:57:30,11,False,428370,Pedigree,Pedigree Adult Wet Dog Food - Chicken & Liver Chunks in Gravy flavour,30 x 70 g,1226,1500,274,18.3,1,1,False,https://blinkit.com/prn/product/prid/428370
dog food,122001,ok,2026-09-15T20:57:30,12,False,570484,PurePet,PurePet Meat & Rice Adult Dry Dog Food,10 kg,1170,1299,129,9.9,6,6,False,https://blinkit.com/prn/product/prid/570484
dog food,122001,ok,2026-09-15T20:57:30,13,True,653221,Benny's Bowl,Benny's Bowl Chicken & Pumpkin Fresh Dog Food,5 x 100 g,429,565,136,24.1,2,2,False,https://blinkit.com/prn/product/prid/653221
dog food,122001,ok,2026-09-15T20:57:30,14,False,512642,PurePet,PurePet Adult Dry Dog Food (Chicken And Vegetable),1 kg,196,199,3,1.5,4,4,False,https://blinkit.com/prn/product/prid/512642
dog food,122001,ok,2026-09-15T20:57:30,15,False,12476,Pedigree,Pedigree Adult Dry Dog Food - Chicken & Vegetable,3 kg,701,730,29,4.0,3,3,False,https://blinkit.com/prn/product/prid/12476
dog food,122001,ok,2026-09-15T20:57:30,16,False,570483,Drools,Drools All Life Stages Dry Dog Food,1.2 kg,295,360,65,18.1,7,7,False,https://blinkit.com/prn/product/prid/570483
dog food,122001,ok,2026-09-15T20:57:30,17,True,767499,Drools,Drools Chicken Biryani Fresh Dog Food,350 g,180,199,19,9.5,1,1,False,https://blinkit.com/prn/product/prid/767499
dog food,122001,ok,2026-09-15T20:57:30,18,False,624240,Purple Tails,Purple Tails Chicken Wrapped Milky Bones Dog Treat,70 g,199,229,30,13.1,4,4,False,https://blinkit.com/prn/product/prid/624240
dog food,122001,ok,2026-09-15T20:57:30,19,False,640519,Drools,Drools Chicken & Liver in Gravy Adult Wet Dog Food,12 x 60 g,230,250,20,8.0,2,2,False,https://blinkit.com/prn/product/prid/640519
dog food,122001,ok,2026-09-15T20:57:30,20,False,546237,Royal Canin,Royal Canin Maxi Adult Dry Dog Food,1 kg,1019,1050,31,3.0,1,1,False,https://blinkit.com/prn/product/prid/546237
dog food,122001,ok,2026-09-15T20:57:30,21,True,769700,Drools,Drools Real Chicken & Turkey Fresh Dog Food,150 g,92,99,7,7.1,3,3,False,https://blinkit.com/prn/product/prid/769700
dog food,122001,ok,2026-09-15T20:57:30,22,False,482913,Royal Canin,Royal Canin Maxi Dry Puppy Food,1 kg,1077,1110,33,3.0,5,5,False,https://blinkit.com/prn/product/prid/482913
dog food,122001,ok,2026-09-15T20:57:30,23,False,498691,Kennel Kitchen,Kennel Kitchen Chicken Recipe with Pumpkin Wet Dog Food with Supreme Cuts,12 x 100 g,633,840,207,24.6,3,3,False,https://blinkit.com/prn/product/prid/498691
dog food,122001,ok,2026-09-15T20:57:30,24,False,680626,Pedigree,Pedigree Biscrok Dog Biscuit - Chicken with Milk,900 g,281,330,49,14.8,3,3,False,https://blinkit.com/prn/product/prid/680626
dog food,122001,ok,2026-09-15T20:57:30,25,True,753730,HUFT,HUFT Sara's Wholesome Fresh Dog Food - Chicken Biryani,100 g,124,129,5,3.9,1,1,False,https://blinkit.com/prn/product/prid/753730
dog food,122001,ok,2026-09-15T20:57:30,26,False,523197,Chappi,Chappi Adult Dry Dog Food Chicken & Rice,2.8 kg,485,505,20,4.0,1,1,False,https://blinkit.com/prn/product/prid/523197
dog food,122001,ok,2026-09-15T20:57:30,27,False,12478,Pedigree,Pedigree Adult Dry Dog Food - Meat & Rice,3 kg,701,730,29,4.0,4,4,False,https://blinkit.com/prn/product/prid/12478
dog food,122001,ok,2026-09-15T20:57:30,28,False,571691,Drools,Drools Chicken & Egg Adult Dry Dog Food (Inside Container),5 kg,940,1150,210,18.3,4,4,False,https://blinkit.com/prn/product/prid/571691
dog food,122001,ok,2026-09-15T20:57:30,29,True,554187,HUFT,HUFT Sara's Wholesome Grain-Free Chicken & Turkey Fresh Dog Food,100 g,103,135,32,23.7,2,2,False,https://blinkit.com/prn/product/prid/554187
dog food,122001,ok,2026-09-15T20:57:30,30,False,27229,Pedigree,Pedigree Dry Puppy Food - Chicken & Milk,3 kg,740,770,30,3.9,2,2,False,https://blinkit.com/prn/product/prid/27229
dog food,122001,ok,2026-09-15T20:57:30,31,False,543735,Purina,"Purina Supercoat Adult (1+ Years), Dry Dog Food with Chicken",2.5 kg,646,680,34,5.0,5,5,False,https://blinkit.com/prn/product/prid/543735
dog food,122001,ok,2026-09-15T20:57:30,32,False,394840,Pedigree,"Pedigree Adult Dry Dog Food with Chicken, Egg & Rice",3 kg,712,889,177,19.9,3,3,False,https://blinkit.com/prn/product/prid/394840
dog food,122001,ok,2026-09-15T20:57:30,33,True,556001,HUFT,HUFT Sara's Wholesome Grain-Free Lamb & Apple Fresh Dog Food,100 g,98,135,37,27.4,2,2,False,https://blinkit.com/prn/product/prid/556001
dog food,122001,ok,2026-09-15T20:57:30,34,False,571744,Pedigree,Pedigree Adult Dry Dog Food,1 kg,346,360,14,3.9,2,2,False,https://blinkit.com/prn/product/prid/571744
dog food,122001,ok,2026-09-15T20:57:30,35,False,320687,Pedigree,Pedigree Wet Puppy Food - Chicken & Liver Chunks,70 g,50,50,0,0.0,4,4,False,https://blinkit.com/prn/product/prid/320687
dog food,122001,ok,2026-09-15T20:57:30,36,False,548958,Pedigree,Pedigree Adult Dry Dog Food with Chicken & Vegetable,20 kg,3265,3900,635,16.3,1,1,False,https://blinkit.com/prn/product/prid/548958
dog food,122001,ok,2026-09-15T20:57:30,37,True,1392555,HUFT,HUFT Sara's Wholesome Chicken & Brown Rice Fresh Wet Puppy Food,100 g,93,99,6,6.1,1,1,False,https://blinkit.com/prn/product/prid/1392555
dog food,122001,ok,2026-09-15T20:57:30,38,False,12474,Royal Canin,Royal Canin Mini Adult Dry Dog Food,4 kg,3389,3850,461,12.0,1,1,False,https://blinkit.com/prn/product/prid/12474
dog food,122001,ok,2026-09-15T20:57:30,39,False,462457,Kennel Kitchen,Kennel Kitchen Chicken Sticks with Flaxseed Dog Treat,100 g,190,199,9,4.5,3,3,False,https://blinkit.com/prn/product/prid/462457
dog food,122001,ok,2026-09-15T20:57:30,40,False,462467,Jerhigh,Jerhigh Dog Treat Sticks (with Real Chicken and Strawberry Flavoured),70 g,199,225,26,11.6,1,1,False,https://blinkit.com/prn/product/prid/462467
dog food,122001,ok,2026-09-15T20:57:30,41,True,12466,Royal Canin,Royal Canin Labrador Retriever Dry Dog Food - Adult Dog,3 kg,2939,3190,251,7.9,2,2,False,https://blinkit.com/prn/product/prid/12466
dog food,122001,ok,2026-09-15T20:57:30,42,False,785515,Drools,Drools Lamb & Rice Dry Dog Food,2.8 kg + 1 kg,747,820,73,8.9,4,4,False,https://blinkit.com/prn/product/prid/785515
dog food,122001,ok,2026-09-15T20:57:30,43,False,785088,PurePet,PurePet Chicken & Vegetables Dry Puppy Food,2.8 kg,480,499,19,3.8,5,5,False,https://blinkit.com/prn/product/prid/785088
dog food,122001,ok,2026-09-15T20:57:30,44,False,398866,Pedigree,Pedigree PRO Adult Large Breed Dry Dog Food (18 months+),3 kg,1086,1220,134,11.0,2,2,False,https://blinkit.com/prn/product/prid/398866
dog food,122001,ok,2026-09-15T20:57:30,45,True,498361,Royal Canin,Royal Canin Golden Retriever Dry Dog Food (Adult),3 kg,2899,3210,311,9.7,1,1,False,https://blinkit.com/prn/product/prid/498361
dog food,122001,ok,2026-09-15T20:57:30,46,False,549428,Active,Active Adult Chicken and Vegetables Dry Dog Food,2 x 3 kg,748,849,101,11.9,3,3,False,https://blinkit.com/prn/product/prid/549428
dog food,122001,ok,2026-09-15T20:57:30,47,False,785092,Drools,Drools Meat & Milk Dry Puppy Food,1 kg,230,250,20,8.0,2,2,False,https://blinkit.com/prn/product/prid/785092
dog food,122001,ok,2026-09-15T20:57:30,48,False,555459,Pedigree,Pedigree Adult Wet Dog Food - Chicken & Liver Chunks in Gravy,12 x 130 g,798,840,42,5.0,2,2,False,https://blinkit.com/prn/product/prid/555459
dog food,122001,ok,2026-09-15T20:57:30,49,True,706300,Royal Canin,Royal Canin Maxi Puppy Wet Dog Food,10 x 140 g,1529,1700,171,10.1,2,2,False,https://blinkit.com/prn/product/prid/706300
dog food,122001,ok,2026-09-15T20:57:30,50,False,594603,Pedigree,Pedigree Wet Puppy Food - Lamb Chunks,12 x 130 g,798,840,42,5.0,3,3,False,https://blinkit.com/prn/product/prid/594603
dog food,122001,ok,2026-09-15T20:57:30,51,False,545973,Royal Canin,Royal Canin Mini Dog Dry Puppy Food,800 g,951,980,29,3.0,1,1,False,https://blinkit.com/prn/product/prid/545973
dog food,122001,ok,2026-09-15T20:57:30,52,False,430509,Drools,Drools Chicken and Egg Dry Puppy Food,4.2 kg,797,975,178,18.3,2,2,False,https://blinkit.com/prn/product/prid/430509
dog food,122001,ok,2026-09-15T20:57:30,53,True,628890,Hampa,Hampa Hemp Seed Oil For Pets,50 ml,299,399,100,25.1,2,2,False,https://blinkit.com/prn/product/prid/628890
dog food,122001,ok,2026-09-15T20:57:30,54,False,785171,Pedigree,Pedigree Dry Dog Food - Chicken Biryani,1 kg,240,249,9,3.6,2,2,False,https://blinkit.com/prn/product/prid/785171
dog food,122001,ok,2026-09-15T20:57:30,55,False,498349,Royal Canin,"Royal Canin Dry Dog Food (Mini, Adult Up to 10 Kg)",1 kg,1079,1170,91,7.8,3,3,False,https://blinkit.com/prn/product/prid/498349
dog food,122001,ok,2026-09-15T20:57:30,56,False,462466,Jerhigh,Jerhigh Real Chicken Meat Blueberry Dog Treat,70 g,190,225,35,15.6,2,2,False,https://blinkit.com/prn/product/prid/462466
dog food,122001,ok,2026-09-15T20:57:30,57,True,788474,Dogo Biscuits,Dogo Biscuits Multivitamin Dog Biscuit,1 kg,225,249,24,9.6,5,5,False,https://blinkit.com/prn/product/prid/788474
dog food,122001,ok,2026-09-15T20:57:30,58,False,624231,Purple Tails,Purple Tails Chicken Chew Sticks Dog Treat,100 g,189,229,40,17.5,4,4,False,https://blinkit.com/prn/product/prid/624231
dog food,122001,ok,2026-09-15T20:57:30,59,False,706356,Royal Canin,Royal Canin Mini Adult Wet Dog Food,12 x 85 g,1179,1308,129,9.9,1,1,False,https://blinkit.com/prn/product/prid/706356
dog food,122001,ok,2026-09-15T20:57:30,60,False,491943,Drools,Drools Absolute Calcium Sausage  Dog Treats,32 pcs,952,1120,168,15.0,2,2,False,https://blinkit.com/prn/product/prid/491943
face wash,122001,ok,2026-09-15T20:57:43,1,True,499591,Dot & Key,Dot & Key Cica Calming Clearing Gel Face Wash,100 ml,215,249,34,13.7,2,2,False,https://blinkit.com/prn/product/prid/499591
face wash,122001,ok,2026-09-15T20:57:43,2,False,19790,Himalaya,Himalaya Purifying Neem Face Wash,150 ml,184,279,95,34.1,5,5,False,https://blinkit.com/prn/product/prid/19790
face wash,122001,ok,2026-09-15T20:57:43,3,False,500359,Minimalist,Minimalist Salicylic Acid + LHA 02% Face Cleanser,100 ml,299,299,0,0.0,16,16,False,https://blinkit.com/prn/product/prid/500359
face wash,122001,ok,2026-09-15T20:57:43,4,True,664150,Minimalist,Minimalist Salicylic Acid + LHA 02% Face Cleanser,250 ml,599,599,0,0.0,2,2,False,https://blinkit.com/prn/product/prid/664150
face wash,122001,ok,2026-09-15T20:57:43,5,False,545079,Dot & Key,Dot & Key Vitamin C + E Super Bright Gel Face Wash,100 ml,215,249,34,13.7,6,6,False,https://blinkit.com/prn/product/prid/545079
face wash,122001,ok,2026-09-15T20:57:43,6,False,499590,Dot & Key,Dot & Key Barrier Repair + Hydrating Gentle Face Wash,100 ml,215,249,34,13.7,8,8,False,https://blinkit.com/prn/product/prid/499590
face wash,122001,ok,2026-09-15T20:57:43,7,True,500363,Minimalist,Minimalist B12 + 6% Oat Extract Gentle Cleanser,120 ml,299,299,0,0.0,1,1,False,https://blinkit.com/prn/product/prid/500363
face wash,122001,ok,2026-09-15T20:57:43,8,False,11374,Patanjali,Patanjali Saundarya Face Wash 60 g,60 g,70,70,0,0.0,4,4,False,https://blinkit.com/prn/product/prid/11374
face wash,122001,ok,2026-09-15T20:57:43,9,False,496038,Cetaphil,Cetaphil Gentle Skin Cleanser,118 ml,404,459,55,12.0,13,13,False,https://blinkit.com/prn/product/prid/496038
face wash,122001,ok,2026-09-15T20:57:43,10,True,1378545,Sera Natural,Sera Natural 2% Salicylic Acid Clearing Gel Cleanser,100 ml,148,349,201,57.6,2,2,False,https://blinkit.com/prn/product/prid/1378545
face wash,122001,ok,2026-09-15T20:57:43,11,False,52768,Garnier,Garnier Bright Complete Face Wash 100 g,100 g,176,219,43,19.6,2,2,False,https://blinkit.com/prn/product/prid/52768
face wash,122001,ok,2026-09-15T20:57:43,12,False,544535,Simple,Simple Refreshing Face Wash,150 ml,315,450,135,30.0,2,2,False,https://blinkit.com/prn/product/prid/544535
face wash,122001,ok,2026-09-15T20:57:43,13,True,538610,The Derma Co,The Derma Co 1% Salicylic Acid Face Wash,100 ml,296,329,33,10.0,4,4,False,https://blinkit.com/prn/product/prid/538610
face wash,122001,ok,2026-09-15T20:57:43,14,False,493520,Mamaearth,Mamaearth Vitamin C Daily Glow Face Wash,50 ml,119,125,6,4.8,4,4,False,https://blinkit.com/prn/product/prid/493520
face wash,122001,ok,2026-09-15T20:57:43,15,False,443558,Plum,Plum Green Tea Pore Cleansing Face Wash with Glycolic Acid,50 ml,180,199,19,9.5,2,2,False,https://blinkit.com/prn/product/prid/443558
face wash,122001,ok,2026-09-15T20:57:43,16,True,499592,Dot & Key,Dot & Key Watermelon Cooling Gel Face Wash,100 ml,215,249,34,13.7,3,3,False,https://blinkit.com/prn/product/prid/499592
face wash,122001,ok,2026-09-15T20:57:43,17,False,722970,Foxtale,Foxtale Oil & Acne Control Gel Face Wash,100 ml,225,249,24,9.6,7,7,False,https://blinkit.com/prn/product/prid/722970
face wash,122001,ok,2026-09-15T20:57:43,18,False,544202,The Derma Co,The Derma Co Sali-Cinamide Anti-Acne Face Wash,80 ml,224,249,25,10.0,4,4,False,https://blinkit.com/prn/product/prid/544202
face wash,122001,ok,2026-09-15T20:57:43,19,True,702737,VLCC,VLCC Anti Tan Skin Lightening Face Wash,300 ml,344,349,5,1.4,5,5,False,https://blinkit.com/prn/product/prid/702737
face wash,122001,ok,2026-09-15T20:57:43,20,False,507262,Mamaearth,Mamaearth Rice Water & Niacinamide Face Wash,100 ml,256,285,29,10.2,5,5,False,https://blinkit.com/prn/product/prid/507262
face wash,122001,ok,2026-09-15T20:57:43,21,False,546153,Nat Habit,Nat Habit Detan Ubtan Face Wash,100 g,264,274,10,3.6,7,7,False,https://blinkit.com/prn/product/prid/546153
face wash,122001,ok,2026-09-15T20:57:43,22,True,775590,VLCC,VLCC Tan to Tango Skin Care Kit,1 set,400,449,49,10.9,3,3,False,https://blinkit.com/prn/product/prid/775590
face wash,122001,ok,2026-09-15T20:57:43,23,False,783504,Becalm,Becalm Airy Face Wash for Oily Skin,80 ml,297,349,52,14.9,3,3,False,https://blinkit.com/prn/product/prid/783504
face wash,122001,ok,2026-09-15T20:57:43,24,False,614109,Dermatouch,Dermatouch Dailyglow Bright & Even Skin Tone Face Wash,70 g,189,279,90,32.3,1,1,False,https://blinkit.com/prn/product/prid/614109
face wash,122001,ok,2026-09-15T20:57:43,25,True,795484,VLCC,VLCC Turmeric & Berberis Anti Tan Skin Lightening Face Wash,2 x 150 ml,266,349,83,23.8,1,1,False,https://blinkit.com/prn/product/prid/795484
face wash,122001,ok,2026-09-15T20:57:43,26,False,35864,Garnier Men,Garnier Men Turbo Bright Anti-Pollution Double Action Face Wash 100 g,100 g,240,319,79,24.8,2,2,False,https://blinkit.com/prn/product/prid/35864
face wash,122001,ok,2026-09-15T20:57:43,27,False,770967,Ethiglo,Ethiglo Skin Whitening & Deep Cleansing Facial Foam,70 g,260,260,0,0.0,20,20,False,https://blinkit.com/prn/product/prid/770967
face wash,122001,ok,2026-09-15T20:57:43,28,True,799191,VLCC,VLCC Tulsi & Orange Cleansing Face Wash,2 x 150 ml,284,349,65,18.6,2,2,False,https://blinkit.com/prn/product/prid/799191
face wash,122001,ok,2026-09-15T20:57:43,29,False,760484,Foxtale,Foxtale Super Glow Face Wash,150 ml,290,329,39,11.9,3,3,False,https://blinkit.com/prn/product/prid/760484
face wash,122001,ok,2026-09-15T20:57:43,30,False,425137,Himalaya,Himalaya Purifying Neem Face Wash (400 ml),400 ml,300,599,299,49.9,4,4,False,https://blinkit.com/prn/product/prid/425137
face wash,122001,ok,2026-09-15T20:57:43,31,True,681097,Foxtale,Foxtale Vitamin C Super Glow Face Wash with Papaya Enzyme,100 ml,225,249,24,9.6,3,3,False,https://blinkit.com/prn/product/prid/681097
face wash,122001,ok,2026-09-15T20:57:43,32,False,483116,Beardo,Beardo De-Tan Face Wash for Men,100 ml,240,299,59,19.7,4,4,False,https://blinkit.com/prn/product/prid/483116
face wash,122001,ok,2026-09-15T20:57:43,33,False,614196,Dermatouch,Dermatouch Salicylic Acid 2% Face Wash,100 ml,186,299,113,37.8,1,1,False,https://blinkit.com/prn/product/prid/614196
face wash,122001,ok,2026-09-15T20:57:43,34,True,544201,The Derma Co,The Derma Co 1% Kojic Acid Face Wash,100 ml,296,329,33,10.0,3,3,False,https://blinkit.com/prn/product/prid/544201
face wash,122001,ok,2026-09-15T20:57:43,35,False,11484,Garnier Men,Garnier Men Acno Fight Anti-Pimple Face Wash 100 g,100 g,240,299,59,19.7,4,4,False,https://blinkit.com/prn/product/prid/11484
face wash,122001,ok,2026-09-15T20:57:43,36,False,657660,Muuchstac,Muuchstac Ocean Men's Face Wash with Multi-Action Formula,2 x 100 ml,220,598,378,63.2,6,6,False,https://blinkit.com/prn/product/prid/657660
face wash,122001,ok,2026-09-15T20:57:43,37,True,748098,Bio Code,Bio Code Retinol & Peptide Complex Face Wash,150 ml,699,699,0,0.0,1,1,False,https://blinkit.com/prn/product/prid/748098
face wash,122001,ok,2026-09-15T20:57:43,38,False,313796,Cetaphil,Cetaphil Oily Skin Cleanser,118 ml,645,749,104,13.9,4,4,False,https://blinkit.com/prn/product/prid/313796
face wash,122001,ok,2026-09-15T20:57:43,39,False,492977,Pilgrim,Pilgrim Salicylic & Glycolic Acid Foaming Face Wash,120 ml,283,345,62,18.0,8,8,False,https://blinkit.com/prn/product/prid/492977
face wash,122001,ok,2026-09-15T20:57:43,40,True,555323,Deconstruct,Deconstruct Salicylic Acid Oil Control Facewash,100 ml,276,299,23,7.7,2,2,False,https://blinkit.com/prn/product/prid/555323
face wash,122001,ok,2026-09-15T20:57:43,41,False,547055,Cetaphil,Cetaphil Gentle Skin Cleanser,1 ltr,1629,1899,270,14.2,4,4,False,https://blinkit.com/prn/product/prid/547055
face wash,122001,ok,2026-09-15T20:57:43,42,False,493519,Mamaearth,Mamaearth Ubtan Face Wash 50 ml,50 ml,125,125,0,0.0,4,4,False,https://blinkit.com/prn/product/prid/493519
face wash,122001,ok,2026-09-15T20:57:43,43,True,1386647,Deconstruct,Deconstruct Vitamin C Brightening Face Wash,100 ml,276,299,23,7.7,2,2,False,https://blinkit.com/prn/product/prid/1386647
face wash,122001,ok,2026-09-15T20:57:43,44,False,757775,Chemist At Play,Chemist At Play Gentle Exfoliating Face Wash,100 ml,299,299,0,0.0,2,2,False,https://blinkit.com/prn/product/prid/757775
face wash,122001,ok,2026-09-15T20:57:43,45,False,1023,Garnier Men,Garnier Men Clay D-Tox Deep Cleansing Icy Face Wash 100 g,100 g,240,299,59,19.7,1,1,False,https://blinkit.com/prn/product/prid/1023
face wash,122001,ok,2026-09-15T20:57:43,46,True,506655,The Face Shop,The Face Shop Rice Water Bright Foaming Cleanser,100 ml,594,625,31,5.0,1,1,False,https://blinkit.com/prn/product/prid/506655
face wash,122001,ok,2026-09-15T20:57:43,47,False,351675,Pond's,Pond's Pure Detox Anti-Pollution Purity With Activated Charcoal Face Wash,100 g,257,270,13,4.8,1,1,False,https://blinkit.com/prn/product/prid/351675
face wash,122001,ok,2026-09-15T20:57:43,48,False,725782,RENEE,RENEE Face Bright Gentle Face Wash,100 ml,159,179,20,11.2,4,4,False,https://blinkit.com/prn/product/prid/725782
face wash,122001,ok,2026-09-15T20:57:43,49,True,518693,The Face Shop,The Face Shop Korean Rice Water Bright Foaming Cleanser,50 ml,371,374,3,0.8,2,2,False,https://blinkit.com/prn/product/prid/518693
face wash,122001,ok,2026-09-15T20:57:43,50,False,759880,Adonis,Adonis DS Acne Face Wash,100 g,439,490,51,10.4,1,1,False,https://blinkit.com/prn/product/prid/759880
face wash,122001,ok,2026-09-15T20:57:43,51,False,587076,Clean & Clear,Clean & Clear Vitamin C Face Wash,100 ml,206,219,13,5.9,4,4,False,https://blinkit.com/prn/product/prid/587076
face wash,122001,ok,2026-09-15T20:57:43,52,True,808211,Avabritten,Avabritten Rejuvinating Face Wash,50 ml,299,421,122,29.0,1,1,False,https://blinkit.com/prn/product/prid/808211
face wash,122001,ok,2026-09-15T20:57:43,53,False,496414,Joy,Joy Ubtan Face Wash 150 ml,150 ml,229,300,71,23.7,3,3,False,https://blinkit.com/prn/product/prid/496414
face wash,122001,ok,2026-09-15T20:57:43,54,False,579753,Muuchstac,Muuchstac Ocean Face Wash for Men with Multi-Action Formula,100 ml,150,299,149,49.8,3,3,False,https://blinkit.com/prn/product/prid/579753
face wash,122001,ok,2026-09-15T20:57:43,55,True,1384385,Innisfree,Innisfree Volcanic Clusters BHA Foaming Daily Cleanser,80 g,450,450,0,0.0,1,1,False,https://blinkit.com/prn/product/prid/1384385
face wash,122001,ok,2026-09-15T20:57:43,56,False,716071,The Derma Co,The Derma Co 2% Salicylic Acid Gel Face Wash,100 ml,296,329,33,10.0,4,4,False,https://blinkit.com/prn/product/prid/716071
face wash,122001,ok,2026-09-15T20:57:43,57,False,659555,Plum,Plum 2% Niacinamide & Rice Water Simply Bright Face Wash,150 ml,356,395,39,9.9,3,3,False,https://blinkit.com/prn/product/prid/659555
face wash,122001,ok,2026-09-15T20:57:43,58,True,652404,Plix,Plix Jamun Active Acne Face Wash Cleanser,90 ml,270,275,5,1.8,1,1,False,https://blinkit.com/prn/product/prid/652404
face wash,122001,ok,2026-09-15T20:57:43,59,False,519029,Lacto Calamine,Lacto Calamine Face Wash for Oily Skin,100 ml,120,149,29,19.5,3,3,False,https://blinkit.com/prn/product/prid/519029
face wash,122001,ok,2026-09-15T20:57:43,60,False,458381,Pond's,Pond's Bright Beauty Spot-Less Glow Face Wash,150 g,292,389,97,24.9,1,1,False,https://blinkit.com/prn/product/prid/458381
protein bar,122001,ok,2026-09-15T20:57:56,1,True,475628,Yoga Bar,Yoga Bar Assorted Breakfast Protein Bar Pack,4 x 45 g + 2 x 50 g,229,299,70,23.4,4,4,False,https://blinkit.com/prn/product/prid/475628
protein bar,122001,ok,2026-09-15T20:57:56,2,False,347631,RiteBite,RiteBite Max Protein Daily Choco Almond 10 g Protein Bar,50 g,80,80,0,0.0,15,15,False,https://blinkit.com/prn/product/prid/347631
protein bar,122001,ok,2026-09-15T20:57:56,3,False,403262,RiteBite,RiteBite Max Protein Daily Choco Berry 10 g Protein Bar,50 g,80,80,0,0.0,3,3,False,https://blinkit.com/prn/product/prid/403262
protein bar,122001,ok,2026-09-15T20:57:56,4,False,581442,SuperYou,SuperYou Chocolate Wafer Protein Bar,40 g,58,60,2,3.3,12,12,False,https://blinkit.com/prn/product/prid/581442
protein bar,122001,ok,2026-09-15T20:57:56,5,True,537082,Yoga Bar,Yoga Bar Daily 10g Protein Bar Pack (Assorted),6 x 50 g,268,349,81,23.2,1,1,False,https://blinkit.com/prn/product/prid/537082
protein bar,122001,ok,2026-09-15T20:57:56,6,False,249288,Yoga Bar,Yoga Bar Chocolate Chunk Nut Multigrain Energy Bar,35 g,48,50,2,4.0,6,6,False,https://blinkit.com/prn/product/prid/249288
protein bar,122001,ok,2026-09-15T20:57:56,7,False,756300,Chase Protein,Chase Protein Cookies & Cream Protein Bar,2 x 50 g,240,320,80,25.0,17,17,False,https://blinkit.com/prn/product/prid/756300
protein bar,122001,ok,2026-09-15T20:57:56,8,False,745421,Avvatar,Avvatar Chocolate Protein Wafer Bar,40 g,59,80,21,26.2,7,7,False,https://blinkit.com/prn/product/prid/745421
protein bar,122001,ok,2026-09-15T20:57:56,9,True,628202,Yoga Bar,Yoga Bar Choco Peanut Butter Mini Protein Bar Pack,7 x 20 g,138,175,37,21.1,4,4,False,https://blinkit.com/prn/product/prid/628202
protein bar,122001,ok,2026-09-15T20:57:56,10,False,581440,SuperYou,SuperYou Strawberry Creme Wafer Protein Bar,40 g,58,60,2,3.3,4,4,False,https://blinkit.com/prn/product/prid/581440
protein bar,122001,ok,2026-09-15T20:57:56,11,False,756304,Chase Protein,Chase Protein Strawberry Cheesecake Protein Bar,2 x 50 g,240,320,80,25.0,9,9,False,https://blinkit.com/prn/product/prid/756304
protein bar,122001,ok,2026-09-15T20:57:56,12,False,457042,The Whole Truth,The Whole Truth Double Cocoa Protein Bar,52 g,120,130,10,7.7,7,7,False,https://blinkit.com/prn/product/prid/457042
protein bar,122001,ok,2026-09-15T20:57:56,13,True,457039,The Whole Truth,The Whole Truth Coconut Cocoa Protein Bar,52 g,120,130,10,7.7,3,3,False,https://blinkit.com/prn/product/prid/457039
protein bar,122001,ok,2026-09-15T20:57:56,14,False,686923,Phab,Phab 10g Protein Cookies & Cream Millet Wafer Bar,40 g,57,70,13,18.6,4,4,False,https://blinkit.com/prn/product/prid/686923
protein bar,122001,ok,2026-09-15T20:57:56,15,False,457044,The Whole Truth,The Whole Truth Almond Choco Fudge Energy Bar,40 g,83,85,2,2.4,9,9,False,https://blinkit.com/prn/product/prid/457044
protein bar,122001,ok,2026-09-15T20:57:56,16,False,28376,RiteBite,RiteBite Max Protein Daily Choco Classic 10 g Protein Bar,50 g,80,80,0,0.0,9,9,False,https://blinkit.com/prn/product/prid/28376
protein bar,122001,ok,2026-09-15T20:57:56,17,True,787991,Yoga Bar,Yoga Bar Dark Chocolate 10g Protein Wafer Bar,40 g,56,60,4,6.7,6,6,False,https://blinkit.com/prn/product/prid/787991
protein bar,122001,ok,2026-09-15T20:57:56,18,False,787996,Yoga Bar,Yoga Bar Cookies & Cream 10g Protein Wafer Bar,40 g,56,60,4,6.7,6,6,False,https://blinkit.com/prn/product/prid/787996
protein bar,122001,ok,2026-09-15T20:57:56,19,False,554596,RiteBite,RiteBite Max Protein Choco Almond 30 g Protein Bar,100 g,177,180,3,1.7,5,5,False,https://blinkit.com/prn/product/prid/554596
protein bar,122001,ok,2026-09-15T20:57:56,20,False,581438,SuperYou,SuperYou Cheese Wafer Protein Bar,40 g,55,60,5,8.3,3,3,False,https://blinkit.com/prn/product/prid/581438
protein bar,122001,ok,2026-09-15T20:57:56,21,True,759656,SuperYou,SuperYou 20g Nutty Chocolate Multigrain Wafer Bar,60 g,114,120,6,5.0,4,4,False,https://blinkit.com/prn/product/prid/759656
protein bar,122001,ok,2026-09-15T20:57:56,22,False,756302,Chase Protein,Chase Protein Assorted Protein Bar,6 x 50 g,699,960,261,27.2,7,7,False,https://blinkit.com/prn/product/prid/756302
protein bar,122001,ok,2026-09-15T20:57:56,23,False,475798,Nature Valley,Nature Valley Crunchy Oats & Honey Protein Bar Pack,5 x 42 g,330,375,45,12.0,2,2,False,https://blinkit.com/prn/product/prid/475798
protein bar,122001,ok,2026-09-15T20:57:56,24,False,625853,Phab,Phab 11g Protein Chocolate Brownie Protein Bar,35 g,68,70,2,2.9,3,3,False,https://blinkit.com/prn/product/prid/625853
protein bar,122001,ok,2026-09-15T20:57:56,25,True,720628,Upnourish by Pluckk,Upnourish by Pluckk Cafe Mocha 15g Plant Protein Bar,50 g,104,110,6,5.5,3,3,False,https://blinkit.com/prn/product/prid/720628
protein bar,122001,ok,2026-09-15T20:57:56,26,False,498155,RiteBite,RiteBite Max Protein Daily 10 g Protein Bar Pack Box (Assorted),6 x 50 g,442,480,38,7.9,2,2,False,https://blinkit.com/prn/product/prid/498155
protein bar,122001,ok,2026-09-15T20:57:56,27,False,751363,Acme Poshan,Acme Poshan Dates and Almonds Protein Bar,6 x 50 g,312,390,78,20.0,2,2,False,https://blinkit.com/prn/product/prid/751363
protein bar,122001,ok,2026-09-15T20:57:56,28,False,777339,EAT Anytime,EAT Anytime Coffee & Chocolate Protein Bar Combo,10 x 40 g,445,650,205,31.5,2,2,False,https://blinkit.com/prn/product/prid/777339
protein bar,122001,ok,2026-09-15T20:57:56,29,True,719277,Upnourish by Pluckk,Upnourish by Pluckk Hazelnut 15g Plant Protein Bar,50 g,104,110,6,5.5,2,2,False,https://blinkit.com/prn/product/prid/719277
protein bar,122001,ok,2026-09-15T20:57:56,30,False,512672,MuscleBlaze,MuscleBlaze 20 g Protein Bar Pack (Choco Almond),6 x 75 g,675,780,105,13.5,2,2,False,https://blinkit.com/prn/product/prid/512672
protein bar,122001,ok,2026-09-15T20:57:56,31,False,555983,MuscleBlaze,MuscleBlaze 20g Protein Bar (Choco Almond),70 g,119,130,11,8.5,2,2,False,https://blinkit.com/prn/product/prid/555983
protein bar,122001,ok,2026-09-15T20:57:56,32,False,686885,Phab,Phab 10g Protein Chocolate Truffle Millet Protein Wafer Bar,40 g,67,70,3,4.3,2,2,False,https://blinkit.com/prn/product/prid/686885
protein bar,122001,ok,2026-09-15T20:57:56,33,True,776949,EAT Anytime,EAT Anytime Coffee Protein Bar,10 x 40 g,445,650,205,31.5,2,2,False,https://blinkit.com/prn/product/prid/776949
protein bar,122001,ok,2026-09-15T20:57:56,34,False,719412,SuperYou,SuperYou Cookies & Cream Wafer Protein Bar,40 g,58,60,2,3.3,1,1,False,https://blinkit.com/prn/product/prid/719412
protein bar,122001,ok,2026-09-15T20:57:56,35,False,743758,Supply6,Supply6 Strawberry Crème Protein Wafer Bar,40 g,54,60,6,10.0,3,3,False,https://blinkit.com/prn/product/prid/743758
protein bar,122001,ok,2026-09-15T20:57:56,36,False,483696,The Whole Truth,The Whole Truth Rich 71% Cocoa Bar,80 g,292,310,18,5.8,3,3,False,https://blinkit.com/prn/product/prid/483696
protein bar,122001,ok,2026-09-15T20:57:56,37,True,675618,Prolicious,Prolicious High Protein Choco Seeds & Nuts Protein Bar Combo,4 x 50 g,300,300,0,0.0,2,2,False,https://blinkit.com/prn/product/prid/675618
protein bar,122001,ok,2026-09-15T20:57:56,38,False,624551,SuperYou,SuperYou Coffee Protein Wafer Bar,40 g,58,60,2,3.3,8,8,False,https://blinkit.com/prn/product/prid/624551
protein bar,122001,ok,2026-09-15T20:57:56,39,False,403263,RiteBite,RiteBite Peanut Butter 4g Protein Bar,40 g,45,45,0,0.0,2,2,False,https://blinkit.com/prn/product/prid/403263
protein bar,122001,ok,2026-09-15T20:57:56,40,False,1365580,SuperYou,SuperYou Kesar Pista Badam Protein Bar,60 g,115,125,10,8.0,2,2,False,https://blinkit.com/prn/product/prid/1365580
protein bar,122001,ok,2026-09-15T20:57:56,41,True,679623,EAT Anytime,EAT Anytime Quinoa Millet Nutrition Bar,12 x 25 g,395,480,85,17.7,1,1,False,https://blinkit.com/prn/product/prid/679623
protein bar,122001,ok,2026-09-15T20:57:56,42,False,791503,Supply6,Supply6 Cookie & Cream Wafer Protein Bar,40 g,54,60,6,10.0,2,2,False,https://blinkit.com/prn/product/prid/791503
protein bar,122001,ok,2026-09-15T20:57:56,43,False,756303,Chase Protein,Chase Protein Sour Funk Protein Bar,2 x 50 g,240,320,80,25.0,4,4,False,https://blinkit.com/prn/product/prid/756303
protein bar,122001,ok,2026-09-15T20:57:56,44,False,777914,Chase Protein,Chase Protein Tiramisu Protein Bar,6 x 50 g,699,960,261,27.2,2,2,False,https://blinkit.com/prn/product/prid/777914
protein bar,122001,ok,2026-09-15T20:57:56,45,True,679627,EAT Anytime,EAT Anytime Ragi Nutrition Bar,12 x 25 g,395,480,85,17.7,2,2,False,https://blinkit.com/prn/product/prid/679627
protein bar,122001,ok,2026-09-15T20:57:56,46,False,633493,EAT Anytime,EAT Anytime Hazelnuts Protein Balls,100 g,225,350,125,35.7,3,3,False,https://blinkit.com/prn/product/prid/633493
protein bar,122001,ok,2026-09-15T20:57:56,47,False,766770,Fitfeast,Fitfeast Ultimate Protein Bar & Snacks Combo,1 pack,899,1335,436,32.7,2,2,False,https://blinkit.com/prn/product/prid/766770
protein bar,122001,ok,2026-09-15T20:57:56,48,False,625838,Phab,Phab 11g Protein Strawberry and Greek Yogurt Protein Bar,35 g,68,70,2,2.9,2,2,False,https://blinkit.com/prn/product/prid/625838
protein bar,122001,ok,2026-09-15T20:57:56,49,True,694165,EAT Anytime,EAT Anytime Assorted Millet Nutrition Bar - Pack of 6,6 x 25 g,225,275,50,18.2,1,1,False,https://blinkit.com/prn/product/prid/694165
protein bar,122001,ok,2026-09-15T20:57:56,50,False,17336,RiteBite,RiteBite Choco Delite 4g Protein Bar,40 g,45,45,0,0.0,2,2,False,https://blinkit.com/prn/product/prid/17336
protein bar,122001,ok,2026-09-15T20:57:56,51,False,17341,RiteBite,RiteBite Max Protein Active Choco Fudge 20 g Protein Bar,75 g,139,140,1,0.7,3,3,False,https://blinkit.com/prn/product/prid/17341
protein bar,122001,ok,2026-09-15T20:57:56,52,False,806740,Stroom,Stroom Choco Almond Bliss 10g Protein Bar,45 g,64,80,16,20.0,1,1,False,https://blinkit.com/prn/product/prid/806740
protein bar,122001,ok,2026-09-15T20:57:56,53,True,540432,Epigamia,Epigamia Turbo Chocolate Protein Milkshake,250 ml,99,141,42,29.8,7,7,False,https://blinkit.com/prn/product/prid/540432
protein bar,122001,ok,2026-09-15T20:57:56,54,False,806735,Stroom,Stroom Exotic Mango Coconut 10g Protein Bar,45 g,64,80,16,20.0,1,1,False,https://blinkit.com/prn/product/prid/806735
protein bar,122001,ok,2026-09-15T20:57:56,55,False,1368466,SuperYou,SuperYou Cranberry Crunch Mega Protein Bar,60 g,115,125,10,8.0,1,1,False,https://blinkit.com/prn/product/prid/1368466
protein bar,122001,ok,2026-09-15T20:57:56,56,False,743760,Supply6,Supply6 Rich Chocolate Protein Wafer Bar,40 g,54,60,6,10.0,2,2,False,https://blinkit.com/prn/product/prid/743760
protein bar,122001,ok,2026-09-15T20:57:56,57,True,541681,Epigamia,Epigamia Turbo Cookies & Cream Protein Milkshake,250 ml,99,141,42,29.8,3,3,False,https://blinkit.com/prn/product/prid/541681
protein bar,122001,ok,2026-09-15T20:57:56,58,False,457040,The Whole Truth,The Whole Truth Coffee Cocoa Protein Bar,52 g,120,130,10,7.7,2,2,False,https://blinkit.com/prn/product/prid/457040
protein bar,122001,ok,2026-09-15T20:57:56,59,False,457043,The Whole Truth,The Whole Truth Peanut Butter Protein Bar,52 g,120,130,10,7.7,3,3,False,https://blinkit.com/prn/product/prid/457043
protein bar,122001,ok,2026-09-15T20:57:56,60,False,424403,Yoga Bar,Yoga Bar Blueberry Pie Breakfast Protein Bar,45 g,56,60,4,6.7,2,2,False,https://blinkit.com/prn/product/prid/424403
oats,122001,ok,2026-09-15T20:58:09,1,True,765244,Yu,Yu High Protein Super Rolled Oats,400 g,91,180,89,49.4,3,3,False,https://blinkit.com/prn/product/prid/765244
oats,122001,ok,2026-09-15T20:58:09,2,False,37264,Quaker,Quaker Rolled Instant Oats,400 g,86,86,0,0.0,5,5,False,https://blinkit.com/prn/product/prid/37264
oats,122001,ok,2026-09-15T20:58:09,3,False,487800,Saffola,Saffola Classic-Masala Oats - Pack of 4,4 x 38 g,76,80,4,5.0,12,12,False,https://blinkit.com/prn/product/prid/487800
oats,122001,ok,2026-09-15T20:58:09,4,False,563346,Pintola,Pintola High Protein Oats (Chocolate),1 kg,550,620,70,11.3,8,8,False,https://blinkit.com/prn/product/prid/563346
oats,122001,ok,2026-09-15T20:58:09,5,True,782872,Yoga Bar,"Yoga Bar Protein Oats (Fruits, Nuts & Seeds)",1 kg,439,490,51,10.4,1,1,False,https://blinkit.com/prn/product/prid/782872
oats,122001,ok,2026-09-15T20:58:09,6,False,659903,Saffola,Saffola Classic Masala Instant Oats,225 g,100,170,70,41.2,3,3,False,https://blinkit.com/prn/product/prid/659903
oats,122001,ok,2026-09-15T20:58:09,7,False,720380,Yoga Bar,Yoga Bar Protein Oats - Dark Chocolate,1 kg,439,490,51,10.4,1,1,False,https://blinkit.com/prn/product/prid/720380
oats,122001,ok,2026-09-15T20:58:09,8,False,664400,Pintola,Pintola 26g High Protein Oats Caffe Mocha with Almonds & Raisins,400 g,266,310,44,14.2,5,5,False,https://blinkit.com/prn/product/prid/664400
oats,122001,ok,2026-09-15T20:58:09,9,True,1388728,GOAT Life,GOAT Life High Protein Overnight Instant Oats Brownie Fudge,75 g,139,139,0,0.0,2,2,False,https://blinkit.com/prn/product/prid/1388728
oats,122001,ok,2026-09-15T20:58:09,10,False,487801,Saffola,Saffola Masala Veggie Twist Oats - Pack of 4,4 x 38 g,76,80,4,5.0,2,2,False,https://blinkit.com/prn/product/prid/487801
oats,122001,ok,2026-09-15T20:58:09,11,False,593719,Saffola,Saffola Classic Masala Flavoured Oats,750 g,255,355,100,28.2,1,1,False,https://blinkit.com/prn/product/prid/593719
oats,122001,ok,2026-09-15T20:58:09,12,False,617564,Alpino,Alpino High Protein Oats Chocolate,400 g,222,249,27,10.8,2,2,False,https://blinkit.com/prn/product/prid/617564
oats,122001,ok,2026-09-15T20:58:09,13,True,808781,Organic Nation,Organic Nation Premium Rolled Oats,600 g,269,480,211,44.0,2,2,False,https://blinkit.com/prn/product/prid/808781
oats,122001,ok,2026-09-15T20:58:09,14,False,395937,Saffola,Saffola Classic-Masala Oats x 2 +  Masala Veggie Twist Oats x 2 Combo,2 x 38 g + 2 x 38 g,76,80,4,5.0,3,3,False,https://blinkit.com/prn/product/prid/395937
oats,122001,ok,2026-09-15T20:58:09,15,False,491829,MuscleBlaze,MuscleBlaze High Protein Oats (Dark Chocolate Flavour),1 kg,599,699,100,14.3,1,1,False,https://blinkit.com/prn/product/prid/491829
oats,122001,ok,2026-09-15T20:58:09,16,False,546488,Yoga Bar,Yoga Bar 26g High Protein Oats (Dark Chocolate),250 g,139,200,61,30.5,1,1,False,https://blinkit.com/prn/product/prid/546488
oats,122001,ok,2026-09-15T20:58:09,17,True,691765,GOAT Life,GOAT Life High Protein Overnight Instant Oats Almond Kulfi,75 g,109,139,30,21.6,2,2,False,https://blinkit.com/prn/product/prid/691765
oats,122001,ok,2026-09-15T20:58:09,18,False,617777,Alpino,Alpino High Protein Oats Chocolate 1 kg,1 kg,489,549,60,10.9,1,1,False,https://blinkit.com/prn/product/prid/617777
oats,122001,ok,2026-09-15T20:58:09,19,False,502852,MuscleBlaze,MuscleBlaze High Protein Oats (Dark Chocolate Flavour),400 g,299,349,50,14.3,2,2,False,https://blinkit.com/prn/product/prid/502852
oats,122001,ok,2026-09-15T20:58:09,20,False,743134,AMAYU,AMAYU Jumbo Rolled Oats,400 g,249,639,390,61.0,3,3,False,https://blinkit.com/prn/product/prid/743134
oats,122001,ok,2026-09-15T20:58:09,21,True,729707,GOAT Life,GOAT Life High Protein Overnight Instant Oats Mocha Marvel - Pack of 2,2 x 75 g,233,278,45,16.2,1,1,False,https://blinkit.com/prn/product/prid/729707
oats,122001,ok,2026-09-15T20:58:09,22,False,769671,Sundrop,Sundrop Heart Plain Rolled Oats,1 kg,145,149,4,2.7,1,1,False,https://blinkit.com/prn/product/prid/769671
oats,122001,ok,2026-09-15T20:58:09,23,False,770484,GOAT Life,GOAT Life High Protein Overnight Instant Oats Choco Hazelnut,60 g,69,69,0,0.0,1,1,False,https://blinkit.com/prn/product/prid/770484
oats,122001,ok,2026-09-15T20:58:09,24,False,795413,Organic Nation,Organic Nation Steel Cut Oats,1 kg,285,590,305,51.7,5,5,False,https://blinkit.com/prn/product/prid/795413
oats,122001,ok,2026-09-15T20:58:09,25,True,689190,GOAT Life,GOAT Life High Protein Overnight Instant Oats Mango Madness,75 g,119,139,20,14.4,3,3,False,https://blinkit.com/prn/product/prid/689190
oats,122001,ok,2026-09-15T20:58:09,26,False,772283,Pintola,Pintola High Protein Magic Masala Oats,750 g,380,425,45,10.6,1,1,False,https://blinkit.com/prn/product/prid/772283
oats,122001,ok,2026-09-15T20:58:09,27,False,391003,Saffola,Saffola Classic Masala Oats,550 g,232,260,28,10.8,1,1,False,https://blinkit.com/prn/product/prid/391003
oats,122001,ok,2026-09-15T20:58:09,28,False,446214,Yoga Bar,Yoga Bar Dark Chocolate Oats (Gluten Free),400 g,198,220,22,10.0,3,3,False,https://blinkit.com/prn/product/prid/446214
oats,122001,ok,2026-09-15T20:58:09,29,True,804662,Tata Soulfull,Tata Soulfull No Cook Millet Hi Protein Oats Berry Chia,375 g,246,310,64,20.6,2,2,False,https://blinkit.com/prn/product/prid/804662
oats,122001,ok,2026-09-15T20:58:09,30,False,716413,Doctor's Choice,Doctor's Choice High Protein Oats - Dark Choco Berry,750 g,599,698,99,14.2,1,1,False,https://blinkit.com/prn/product/prid/716413
oats,122001,ok,2026-09-15T20:58:09,31,False,10689,Kellogg's,Kellogg's Oats,900 g,165,199,34,17.1,1,1,False,https://blinkit.com/prn/product/prid/10689
oats,122001,ok,2026-09-15T20:58:09,32,False,808315,Organic Nation,Organic Nation Instant Oats,600 g,249,480,231,48.1,2,2,False,https://blinkit.com/prn/product/prid/808315
oats,122001,ok,2026-09-15T20:58:09,33,True,725921,Yu,Yu Whole Wheat Roasted Vermicelli,400 g,69,120,51,42.5,5,5,False,https://blinkit.com/prn/product/prid/725921
oats,122001,ok,2026-09-15T20:58:09,34,False,719322,Saffola,Saffola Soft & Creamy Rolled Oats,1 kg,231,299,68,22.7,1,1,False,https://blinkit.com/prn/product/prid/719322
oats,122001,ok,2026-09-15T20:58:09,35,False,798085,GOAT Life,GOAT Life Tiramisu High Protein Overnight / Instant Oats,75 g,139,149,10,6.7,2,2,False,https://blinkit.com/prn/product/prid/798085
oats,122001,ok,2026-09-15T20:58:09,36,False,42120,Bagrry's,Bagrry's 100% Whole Grain Oats Flour / Atta,500 g,158,158,0,0.0,1,1,False,https://blinkit.com/prn/product/prid/42120
oats,122001,ok,2026-09-15T20:58:09,37,True,802117,Tata Soulfull,Tata Soulfull No Cook Hi Protein Oats Dark Cocoa & Almond,375 g,246,310,64,20.6,1,1,False,https://blinkit.com/prn/product/prid/802117
oats,122001,ok,2026-09-15T20:58:09,38,False,691771,GOAT Life,GOAT Life High Protein Overnight Instant Oats Choco-Nut Crunch,75 g,119,139,20,14.4,1,1,False,https://blinkit.com/prn/product/prid/691771
oats,122001,ok,2026-09-15T20:58:09,39,False,364019,Bagrry's,Bagrry's Steel Cut Oats,500 g,220,299,79,26.4,1,1,False,https://blinkit.com/prn/product/prid/364019
oats,122001,ok,2026-09-15T20:58:09,40,False,1394686,Yoga Bar,Yoga Bar High Protein Oats (Mum's Masala),3 x 40 g,69,105,36,34.3,1,1,False,https://blinkit.com/prn/product/prid/1394686
oats,122001,ok,2026-09-15T20:58:09,41,True,609571,Farmley,"Farmley Natural Quinoa High Protein, Dietary Fiber & Gluten-Free Superfood",1 kg,299,399,100,25.1,1,1,False,https://blinkit.com/prn/product/prid/609571
oats,122001,ok,2026-09-15T20:58:09,42,False,794450,Rosier,Rosier Double Chocolate High Protein Oats,77 g,97,100,3,3.0,1,1,False,https://blinkit.com/prn/product/prid/794450
oats,122001,ok,2026-09-15T20:58:09,43,False,751654,Saffola,Saffola Hi- Protein Oats,400 g,220,250,30,12.0,1,1,False,https://blinkit.com/prn/product/prid/751654
oats,122001,ok,2026-09-15T20:58:09,44,False,768180,Sundrop,Sundrop Heart Masala Oats with Millets,500 g,165,195,30,15.4,1,1,False,https://blinkit.com/prn/product/prid/768180
oats,122001,ok,2026-09-15T20:58:09,45,False,758083,Doctor's Choice,Doctor's Choice High Protein Oats - Banana Caramel,750 g,599,698,99,14.2,1,1,False,https://blinkit.com/prn/product/prid/758083
oats,122001,ok,2026-09-15T20:58:09,46,False,722454,True Elements,True Elements ChocoBae Overnight Oats,62 g,72,80,8,10.0,1,1,False,https://blinkit.com/prn/product/prid/722454
oats,122001,ok,2026-09-15T20:58:09,47,False,794451,Rosier,Rosier Kulfi Masti High Protein Oats,77 g,97,100,3,3.0,1,1,False,https://blinkit.com/prn/product/prid/794451
oats,122001,ok,2026-09-15T20:58:09,48,False,440132,Disano,Disano Whole Grain Instant Oats,1 kg,142,285,143,50.2,1,1,False,https://blinkit.com/prn/product/prid/440132
oats,122001,ok,2026-09-15T20:58:09,49,False,794226,Rosier,Rosier Mango Tango High Protein Oats,77 g,97,100,3,3.0,1,1,False,https://blinkit.com/prn/product/prid/794226
oats,122001,ok,2026-09-15T20:58:09,50,False,802277,Tata Soulfull,Tata Soulfull Hi Protein Oats Combo Pack,6 x 35 g,141,170,29,17.1,1,1,False,https://blinkit.com/prn/product/prid/802277
oats,122001,ok,2026-09-15T20:58:09,51,False,627880,Bagrry's,Bagrry's Dark Chocolate High Protein Oats with Raisins & Seeds,750 g,386,577,191,33.1,1,1,False,https://blinkit.com/prn/product/prid/627880
oats,122001,ok,2026-09-15T20:58:09,52,False,617783,Saffola,Saffola Cuppa Flavoured Oats (Magic Masala),52 g,53,70,17,24.3,1,1,False,https://blinkit.com/prn/product/prid/617783
oats,122001,ok,2026-09-15T20:58:09,53,False,720382,Yoga Bar,Yoga Bar Protein Oats - Filter Kappi,1 kg,439,490,51,10.4,2,2,False,https://blinkit.com/prn/product/prid/720382
oats,122001,ok,2026-09-15T20:58:09,54,False,767125,Too Yumm,Too Yumm High Protein Instant Super Masala Flavoured Oats,350 g,199,279,80,28.7,1,1,False,https://blinkit.com/prn/product/prid/767125
oats,122001,ok,2026-09-15T20:58:09,55,False,768314,Nutrabay,Nutrabay High Protein Oats,750 g,693,699,6,0.9,1,1,False,https://blinkit.com/prn/product/prid/768314
oats,122001,ok,2026-09-15T20:58:09,56,False,802120,Tata Soulfull,Tata Soulfull No Cook Hi Protein Oats Millet Masala,375 g,223,249,26,10.4,1,1,False,https://blinkit.com/prn/product/prid/802120
oats,122001,ok,2026-09-15T20:58:09,57,False,771420,Nutrabay,Nutrabay High Protein Oats,3 x 50 g,133,207,74,35.7,1,1,False,https://blinkit.com/prn/product/prid/771420
oats,122001,ok,2026-09-15T20:58:09,58,False,751655,Saffola,Saffola Hi- Protein Oats,1 kg,530,599,69,11.5,1,1,False,https://blinkit.com/prn/product/prid/751655
oats,122001,ok,2026-09-15T20:58:09,59,False,1397182,Rosier,Rosier Mango Tango High Protein Oats +  Double Chocolate High Protein Oats Combo,77 g + 77 g,180,200,20,10.0,1,1,False,https://blinkit.com/prn/product/prid/1397182
oats,122001,ok,2026-09-15T20:58:09,60,False,753602,Prustlr,Prustlr Discovery Everyday Protein Oats,5 x 60 g,449,600,151,25.2,2,2,False,https://blinkit.com/prn/product/prid/753602
